claim_id,claim_amount,claim_age_days,policyholder_age,prior_claims,vehicle_age_years,annual_premium,claim_type,vehicle_type,policy_state,incident_hour,is_fraud
CLM-000001,920.96,2618,37,0,11,1481.65,windscreen,hatchback,VIC,3,0
CLM-000002,9319.96,575,49,2,10,1373.96,collision,suv,NSW,16,0
CLM-000003,6371.83,1868,43,1,12,1445.33,windscreen,sedan,VIC,23,0
CLM-000004,3877.48,1333,51,2,18,961.9,theft,ute,NSW,19,0
CLM-000005,3376.42,3042,67,0,6,1339.85,collision,sedan,NSW,9,0
CLM-000006,8395.69,157,39,0,6,1087.16,liability,ute,VIC,11,0
CLM-000007,7394.52,66,33,1,21,1690.41,windscreen,suv,QLD,1,0
CLM-000008,7104.85,2031,36,0,18,1575.47,windscreen,sedan,WA,8,0
CLM-000009,4198.61,3542,69,1,11,1574.53,collision,sedan,QLD,0,0
CLM-000010,2294.06,3631,84,1,4,1915.45,collision,ute,WA,17,0
CLM-000011,5299.37,2166,24,0,21,1241.11,collision,sedan,QLD,21,0
CLM-000012,5497.4,1569,83,0,19,1168.83,liability,hatchback,QLD,4,0
CLM-000013,2583.81,996,20,1,7,1233.31,theft,ute,NSW,16,0
CLM-000014,2290.59,3613,53,0,11,821.26,windscreen,ute,QLD,14,0
CLM-000015,6974.28,668,26,1,9,847.22,collision,sedan,NSW,10,0
CLM-000016,10384.68,460,81,0,18,1554.96,collision,ute,NSW,17,1
CLM-000017,1699.27,1855,69,1,15,889.6,collision,hatchback,NSW,16,0
CLM-000018,2446.63,1432,41,1,10,995.28,collision,sedan,WA,6,0
CLM-000019,3878.48,1809,63,0,21,1316.43,windscreen,suv,QLD,19,0
CLM-000020,4293.89,3292,74,0,13,1213.96,theft,sedan,SA,15,0
CLM-000021,2014.7,984,32,0,10,1642.27,windscreen,suv,SA,7,0
CLM-000022,12242.15,3199,60,0,20,1369.95,collision,ute,WA,17,0
CLM-000023,4091.11,772,38,1,9,1086.51,liability,suv,NSW,15,0
CLM-000024,4440.57,1181,66,1,9,1670.64,liability,suv,WA,2,0
CLM-000025,11149.65,16,56,0,8,1590.5,windscreen,sedan,WA,3,0
CLM-000026,2128.57,2476,66,1,4,884.38,collision,sedan,WA,7,0
CLM-000027,2789.66,3133,60,1,6,1433.25,collision,sedan,NSW,1,0
CLM-000028,1164.45,3234,60,1,2,1114.02,collision,hatchback,NSW,9,0
CLM-000029,2619.5,611,23,0,16,1105.33,collision,suv,SA,11,0
CLM-000030,975.85,2799,75,1,12,1966.94,theft,suv,NSW,18,1
CLM-000031,5223.31,515,29,1,20,1391.01,windscreen,ute,VIC,4,0
CLM-000032,4084.68,2293,44,0,13,1278.21,liability,sedan,VIC,13,0
CLM-000033,2421.63,2563,52,2,1,1378.03,collision,sedan,NSW,15,0
CLM-000034,2764.69,556,74,1,13,1638.5,collision,sedan,NSW,10,0
CLM-000035,5276.93,403,60,0,3,1118.47,collision,hatchback,SA,21,0
CLM-000036,1271.75,266,30,1,0,1174.82,collision,ute,WA,7,0
CLM-000037,3474.22,2585,37,0,14,1566.7,collision,suv,WA,9,0
CLM-000038,5037.33,2243,31,2,0,849.59,collision,sedan,NSW,0,0
CLM-000039,783.13,435,57,1,9,1676.95,collision,sedan,NSW,9,0
CLM-000040,4982.58,1826,66,0,19,820.29,theft,suv,VIC,0,0
CLM-000041,849.33,2904,65,0,5,1268.9,collision,suv,VIC,23,0
CLM-000042,2729.31,868,68,1,15,822.39,windscreen,hatchback,NSW,5,0
CLM-000043,1245.7,2210,65,0,8,1001.44,windscreen,ute,QLD,19,0
CLM-000044,8720.53,1068,78,1,2,1778.23,collision,suv,SA,2,1
CLM-000045,1251.58,952,78,0,4,1694.67,windscreen,ute,VIC,6,0
CLM-000046,864.68,1431,36,0,1,1729.94,windscreen,hatchback,VIC,2,0
CLM-000047,3294.51,1285,38,1,3,871.83,collision,suv,VIC,8,0
CLM-000048,2185.77,1808,21,1,3,1003.15,collision,suv,NSW,14,0
CLM-000049,964.44,749,35,0,19,1462.16,theft,hatchback,NSW,10,0
CLM-000050,4422.06,1424,52,1,17,1586.05,collision,sedan,VIC,14,0
CLM-000051,669.4,2271,62,0,7,1086.16,collision,hatchback,VIC,19,0
CLM-000052,1370.35,1413,76,0,15,1158.96,collision,sedan,VIC,1,0
CLM-000053,1936.4,2395,57,0,4,976.66,windscreen,suv,WA,10,0
CLM-000054,5440.72,422,83,0,14,1897.22,theft,ute,NSW,14,0
CLM-000055,7876.2,502,55,1,4,1193.26,windscreen,suv,NSW,12,0
CLM-000056,6816.4,3159,75,1,14,1360.33,windscreen,suv,NSW,3,0
CLM-000057,2657.24,1685,72,1,7,1377.6,collision,suv,NSW,4,0
CLM-000058,482.76,2223,50,1,18,1714.85,collision,sedan,VIC,9,0
CLM-000059,3996.36,2700,76,1,18,1035.69,collision,sedan,WA,15,0
CLM-000060,8981.57,533,75,1,7,1735.53,collision,sedan,WA,23,0
CLM-000061,7520.16,3548,38,1,0,928.02,theft,suv,QLD,8,0
CLM-000062,4218.4,1547,32,2,7,1734.69,collision,suv,VIC,12,0
CLM-000063,1221.55,3247,26,0,6,783.95,collision,sedan,NSW,7,0
CLM-000064,2010.26,1521,79,0,9,1315.5,windscreen,hatchback,VIC,0,0
CLM-000065,12712.75,1480,47,1,12,1886.39,theft,suv,VIC,9,0
CLM-000066,1030.14,2192,55,0,21,1580.09,collision,suv,WA,8,0
CLM-000067,1260.32,696,36,0,1,1489.01,collision,suv,VIC,3,0
CLM-000068,6044.56,2222,44,0,12,1004.02,collision,sedan,NSW,16,0
CLM-000069,2157.34,3589,44,0,3,1107.52,collision,ute,NSW,6,0
CLM-000070,1228.67,2355,56,0,12,1793.65,collision,suv,NSW,5,0
CLM-000071,9376.66,255,29,0,14,1505.87,collision,sedan,WA,9,0
CLM-000072,4212.42,2547,70,1,17,1643.78,collision,hatchback,NSW,23,0
CLM-000073,2238.7,121,44,0,12,1374.35,windscreen,hatchback,NSW,15,0
CLM-000074,1262.27,377,34,0,3,1257.03,collision,ute,NSW,10,0
CLM-000075,13843.28,1038,18,0,20,1603.0,collision,hatchback,WA,19,0
CLM-000076,2926.79,1112,24,0,8,1435.59,collision,hatchback,VIC,0,1
CLM-000077,8501.48,12,36,0,10,1293.91,collision,suv,QLD,8,0
CLM-000078,5826.81,63,67,0,14,883.38,theft,suv,VIC,12,0
CLM-000079,2016.91,2880,75,1,5,1664.79,collision,suv,NSW,11,0
CLM-000080,2028.99,1659,81,0,21,1495.21,windscreen,sedan,WA,16,0
CLM-000081,8819.64,729,37,0,0,1149.93,theft,sedan,NSW,16,0
CLM-000082,8927.47,1567,60,0,3,1739.15,collision,sedan,NSW,10,0
CLM-000083,729.47,2529,35,0,21,1430.46,windscreen,suv,VIC,22,0
CLM-000084,4502.26,2680,27,0,9,1436.92,collision,ute,NSW,22,0
CLM-000085,2721.91,1051,54,0,19,1641.69,collision,ute,NSW,11,0
CLM-000086,1373.35,609,61,0,19,1570.67,collision,sedan,WA,21,0
CLM-000087,3627.54,3501,68,1,21,1446.91,windscreen,sedan,VIC,15,0
CLM-000088,1083.34,2304,25,0,15,1287.77,collision,suv,NSW,3,0
CLM-000089,2100.98,3587,68,0,15,2004.61,collision,suv,VIC,2,0
CLM-000090,1637.86,1119,38,0,13,1107.85,collision,hatchback,QLD,1,0
CLM-000091,2049.1,406,36,1,15,1596.17,collision,hatchback,NSW,5,0
CLM-000092,2825.36,1393,20,0,5,1322.33,theft,hatchback,NSW,7,0
CLM-000093,1391.76,1196,31,1,17,1500.06,collision,hatchback,QLD,1,0
CLM-000094,9700.03,2625,50,0,4,1757.03,collision,hatchback,QLD,14,0
CLM-000095,4315.47,2613,30,2,10,1247.18,collision,suv,SA,9,0
CLM-000096,11452.03,261,39,1,8,1548.61,theft,sedan,VIC,14,0
CLM-000097,2643.71,2145,53,1,16,1437.63,collision,sedan,NSW,12,0
CLM-000098,1975.17,1251,24,1,5,1138.37,collision,suv,VIC,6,0
CLM-000099,11145.73,2244,76,0,4,1765.17,collision,sedan,QLD,14,1
CLM-000100,1932.28,1428,38,0,17,1584.69,liability,sedan,NSW,22,0
CLM-000101,2607.85,1961,68,1,10,1206.6,liability,hatchback,VIC,7,0
CLM-000102,5115.53,2612,61,2,15,1714.19,theft,sedan,NSW,7,0
CLM-000103,1178.16,1070,68,1,19,1075.63,collision,hatchback,WA,12,0
CLM-000104,5082.06,727,37,1,18,1340.45,liability,ute,WA,19,0
CLM-000105,4617.05,2576,29,0,8,1208.36,windscreen,suv,VIC,12,0
CLM-000106,7723.28,3458,27,0,3,1597.93,windscreen,ute,SA,19,0
CLM-000107,5811.15,1620,33,2,21,1191.7,collision,suv,SA,1,0
CLM-000108,7902.89,3641,54,0,6,1600.3,collision,suv,NSW,2,0
CLM-000109,2744.03,674,59,0,16,1546.17,collision,sedan,VIC,9,0
CLM-000110,1560.87,2989,68,2,16,1226.17,liability,hatchback,QLD,5,0
CLM-000111,14508.49,3606,82,1,9,1953.81,collision,sedan,NSW,0,0
CLM-000112,948.59,1093,73,1,3,1104.07,collision,sedan,VIC,5,0
CLM-000113,1022.61,539,41,2,10,885.03,collision,ute,NSW,6,0
CLM-000114,4554.39,2423,49,0,3,1632.51,collision,suv,SA,22,0
CLM-000115,10084.35,3173,81,0,7,640.7,collision,suv,VIC,18,0
CLM-000116,3436.34,303,65,1,8,1842.3,windscreen,suv,QLD,8,0
CLM-000117,6307.39,2338,45,1,11,1383.58,windscreen,sedan,VIC,22,0
CLM-000118,667.24,3180,73,0,4,879.09,windscreen,ute,NSW,20,0
CLM-000119,2049.48,116,27,2,18,1037.01,collision,sedan,WA,6,0
CLM-000120,731.09,1883,63,0,1,810.75,theft,sedan,NSW,11,0
CLM-000121,5352.44,280,81,0,21,1476.35,theft,sedan,NSW,22,0
CLM-000122,934.09,644,53,0,6,912.12,theft,suv,VIC,10,1
CLM-000123,1143.26,1775,59,0,10,1515.69,collision,suv,QLD,8,0
CLM-000124,4383.13,1195,22,0,19,1249.41,collision,suv,VIC,21,0
CLM-000125,6610.19,310,58,0,14,1193.13,collision,sedan,NSW,15,0
CLM-000126,2645.92,2922,37,1,1,1518.08,collision,sedan,NSW,10,0
CLM-000127,4571.65,740,84,1,13,1555.76,collision,suv,NSW,20,0
CLM-000128,4461.95,3176,39,0,12,1728.11,collision,sedan,NSW,17,0
CLM-000129,2536.22,645,39,0,20,1140.85,collision,ute,VIC,8,0
CLM-000130,1311.56,1896,44,1,12,1340.16,theft,hatchback,NSW,10,0
CLM-000131,4553.58,2653,64,1,21,1140.34,collision,suv,NSW,1,0
CLM-000132,4721.22,1753,81,1,11,1403.79,liability,hatchback,QLD,2,0
CLM-000133,5828.52,1522,41,0,4,1093.16,theft,sedan,QLD,22,0
CLM-000134,3767.06,2740,31,1,11,1210.05,collision,sedan,NSW,1,1
CLM-000135,1240.94,42,69,1,20,1211.73,theft,ute,NSW,20,0
CLM-000136,5002.81,3015,54,2,0,1446.81,collision,ute,NSW,4,0
CLM-000137,2977.87,2518,48,2,8,1350.98,liability,hatchback,SA,12,0
CLM-000138,2075.48,2791,84,0,1,1517.08,collision,sedan,NSW,17,0
CLM-000139,2389.94,1536,51,0,18,1314.69,windscreen,ute,NSW,23,0
CLM-000140,1776.33,1403,59,1,11,1158.68,collision,suv,VIC,8,0
CLM-000141,5805.92,2087,83,1,15,1413.12,collision,sedan,NSW,22,0
CLM-000142,1029.07,2343,31,1,21,1047.33,collision,sedan,NSW,10,0
CLM-000143,1415.0,3376,78,1,18,1537.82,liability,hatchback,NSW,20,0
CLM-000144,2329.53,3129,82,0,8,1255.8,collision,sedan,QLD,2,0
CLM-000145,9999.73,196,49,0,20,1417.49,collision,hatchback,QLD,6,0
CLM-000146,6572.9,553,40,1,10,1422.61,collision,suv,QLD,14,0
CLM-000147,870.76,3455,28,1,21,1878.51,collision,ute,QLD,16,0
CLM-000148,8213.3,1416,21,0,21,1475.92,collision,ute,NSW,19,0
CLM-000149,8201.44,2118,83,1,4,1374.16,collision,hatchback,WA,8,0
CLM-000150,1235.82,206,46,0,17,1121.52,collision,sedan,QLD,14,0
CLM-000151,449.85,381,62,0,15,1614.79,windscreen,sedan,WA,14,0
CLM-000152,2823.79,1492,34,2,16,1260.83,liability,suv,QLD,23,0
CLM-000153,6917.56,2618,39,1,3,846.59,collision,suv,VIC,2,0
CLM-000154,9832.48,2818,72,1,11,1285.62,collision,sedan,NSW,0,0
CLM-000155,1551.35,3265,61,1,3,1413.19,collision,sedan,VIC,13,0
CLM-000156,11092.05,719,32,1,19,1079.89,theft,suv,NSW,0,0
CLM-000157,560.62,736,18,3,19,1311.0,collision,sedan,VIC,4,0
CLM-000158,2261.9,1977,72,1,12,1326.41,theft,sedan,NSW,12,0
CLM-000159,2180.03,1996,23,1,2,1331.55,windscreen,hatchback,NSW,6,0
CLM-000160,7074.51,133,20,1,14,1757.43,windscreen,sedan,SA,6,1
CLM-000161,7892.96,1632,38,0,9,917.19,collision,hatchback,QLD,8,0
CLM-000162,6097.7,3276,80,0,17,2021.15,liability,hatchback,VIC,16,0
CLM-000163,1082.56,598,61,0,2,1339.16,collision,sedan,VIC,8,0
CLM-000164,5692.84,2993,20,0,8,1541.47,collision,ute,VIC,19,0
CLM-000165,4366.78,1632,79,2,7,1392.19,collision,suv,WA,3,0
CLM-000166,851.14,1914,80,1,20,780.41,collision,ute,QLD,2,0
CLM-000167,632.54,2341,64,0,6,1001.33,windscreen,sedan,QLD,3,0
CLM-000168,6493.08,2576,22,0,21,1176.99,windscreen,sedan,VIC,22,0
CLM-000169,2604.32,2326,18,0,20,1677.93,collision,sedan,VIC,6,0
CLM-000170,1136.96,379,76,1,12,893.17,liability,suv,QLD,0,0
CLM-000171,2550.06,1077,73,1,3,1067.61,collision,hatchback,SA,7,0
CLM-000172,3916.8,3085,73,0,4,1404.4,collision,ute,VIC,16,0
CLM-000173,2801.36,146,50,1,0,1506.04,collision,ute,VIC,8,0
CLM-000174,930.77,2610,57,1,17,1496.1,liability,hatchback,VIC,9,0
CLM-000175,12260.86,1899,29,0,15,1025.28,collision,ute,VIC,2,0
CLM-000176,6330.68,437,20,0,7,822.66,collision,sedan,SA,16,0
CLM-000177,2318.02,448,32,0,16,1527.89,collision,hatchback,QLD,5,0
CLM-000178,2389.12,3579,59,0,12,1822.93,liability,suv,VIC,2,0
CLM-000179,3903.45,113,44,0,17,1236.05,liability,sedan,VIC,17,0
CLM-000180,1277.66,82,59,0,1,972.25,windscreen,suv,VIC,22,0
CLM-000181,3797.15,61,47,1,4,1208.14,liability,hatchback,NSW,14,0
CLM-000182,1098.77,2294,55,0,17,1480.04,liability,sedan,VIC,22,0
CLM-000183,2827.36,3381,81,1,8,1273.06,collision,suv,WA,9,0
CLM-000184,1240.87,626,60,1,21,1814.37,collision,sedan,QLD,12,0
CLM-000185,1288.76,2904,81,0,19,1655.24,windscreen,sedan,NSW,8,0
CLM-000186,10242.41,2625,82,0,2,1410.83,theft,sedan,QLD,12,0
CLM-000187,3116.36,838,59,0,8,705.07,collision,ute,QLD,21,0
CLM-000188,3482.67,256,84,1,16,1121.55,collision,hatchback,NSW,15,0
CLM-000189,659.49,1780,34,0,3,1169.15,windscreen,sedan,QLD,0,0
CLM-000190,1905.02,296,52,1,18,1103.62,collision,sedan,QLD,13,0
CLM-000191,4212.91,414,23,0,2,1412.97,liability,sedan,WA,9,0
CLM-000192,3448.18,1701,24,2,2,1419.78,collision,sedan,NSW,13,0
CLM-000193,592.58,2977,26,0,11,797.56,collision,suv,NSW,13,0
CLM-000194,3481.97,3628,26,0,5,1615.52,windscreen,ute,VIC,14,0
CLM-000195,3924.21,2291,45,0,14,1355.32,collision,suv,NSW,20,0
CLM-000196,7807.35,1009,66,1,8,1468.02,collision,suv,VIC,20,0
CLM-000197,1823.62,1198,84,1,5,1595.79,theft,suv,QLD,23,0
CLM-000198,554.71,2235,83,0,18,1096.9,windscreen,sedan,NSW,14,0
CLM-000199,1411.52,632,29,0,3,1765.44,collision,sedan,VIC,6,0
CLM-000200,1309.24,1892,47,0,10,1303.21,collision,hatchback,SA,4,0
CLM-000201,5179.85,2806,46,0,3,1849.14,windscreen,ute,VIC,20,0
CLM-000202,388.56,3073,24,3,3,1055.0,liability,hatchback,VIC,21,0
CLM-000203,2129.69,215,20,3,4,1824.62,collision,hatchback,VIC,0,0
CLM-000204,8684.95,1053,41,0,5,1051.69,collision,suv,NSW,5,0
CLM-000205,2997.13,930,75,1,9,2191.1,collision,hatchback,NSW,16,0
CLM-000206,5838.55,2025,43,0,10,1035.89,collision,suv,QLD,3,0
CLM-000207,870.14,676,43,0,3,1698.67,collision,sedan,VIC,1,0
CLM-000208,896.51,3469,84,0,0,1230.41,theft,sedan,NSW,23,0
CLM-000209,8759.83,3347,43,0,2,1585.96,collision,sedan,NSW,2,0
CLM-000210,3216.06,1213,64,1,13,1336.63,collision,sedan,WA,5,0
CLM-000211,3221.03,1485,83,0,21,989.89,theft,suv,NSW,23,0
CLM-000212,1288.7,1603,25,0,0,450.0,theft,ute,QLD,2,0
CLM-000213,3215.01,155,52,1,0,2177.5,collision,ute,VIC,19,0
CLM-000214,1262.12,3244,40,0,17,1374.1,windscreen,suv,VIC,13,0
CLM-000215,7260.13,2844,25,0,15,450.0,windscreen,sedan,NSW,12,0
CLM-000216,23060.42,1213,21,0,16,1449.86,windscreen,ute,NSW,19,0
CLM-000217,4285.34,1998,61,1,3,1577.56,collision,suv,VIC,0,0
CLM-000218,1851.57,1389,61,1,19,1114.02,collision,sedan,QLD,1,0
CLM-000219,445.75,832,55,2,13,1116.24,liability,sedan,NSW,4,0
CLM-000220,842.73,1110,63,0,3,1343.45,collision,suv,VIC,11,0
CLM-000221,9567.68,390,66,0,2,1746.86,collision,sedan,VIC,23,0
CLM-000222,1377.61,2954,21,2,13,1382.99,collision,hatchback,NSW,1,0
CLM-000223,2257.19,2389,20,0,17,1832.86,theft,ute,VIC,10,0
CLM-000224,4873.14,3395,40,2,17,1723.3,liability,ute,NSW,10,0
CLM-000225,9060.84,23,56,0,12,1274.5,collision,sedan,VIC,4,0
CLM-000226,2566.53,2303,78,0,11,831.73,liability,hatchback,NSW,8,0
CLM-000227,2200.63,2045,83,1,15,1275.2,collision,ute,VIC,4,0
CLM-000228,3145.46,2276,73,1,2,1523.74,collision,sedan,NSW,3,0
CLM-000229,1861.75,3612,37,1,8,1369.76,theft,suv,VIC,12,0
CLM-000230,1938.43,1423,56,1,2,1559.36,collision,suv,VIC,22,0
CLM-000231,4059.89,514,25,1,18,1634.93,collision,suv,WA,9,0
CLM-000232,3425.38,45,50,2,13,1525.18,collision,sedan,VIC,15,0
CLM-000233,14745.66,1795,24,0,17,1259.14,liability,suv,WA,16,1
CLM-000234,4142.84,634,84,1,10,1521.56,theft,sedan,NSW,20,0
CLM-000235,7068.19,515,48,0,20,2087.71,liability,sedan,VIC,19,0
CLM-000236,1334.8,538,66,2,20,858.34,windscreen,sedan,NSW,21,0
CLM-000237,4419.88,1010,24,1,13,1510.8,collision,hatchback,VIC,19,0
CLM-000238,1733.27,422,81,3,18,1954.56,windscreen,sedan,QLD,22,0
CLM-000239,4010.17,1773,53,2,14,962.39,collision,suv,WA,23,0
CLM-000240,4995.97,2387,22,0,15,1680.36,collision,suv,VIC,17,0
CLM-000241,3094.56,1056,42,1,5,1724.46,windscreen,hatchback,QLD,11,0
CLM-000242,18133.1,497,32,1,21,862.64,windscreen,suv,NSW,7,0
CLM-000243,8699.19,2089,22,1,4,1585.08,collision,hatchback,NSW,13,0
CLM-000244,7207.91,312,20,2,15,1260.47,collision,sedan,QLD,19,0
CLM-000245,5288.1,2692,65,1,13,1330.05,theft,sedan,NSW,18,0
CLM-000246,11187.14,1396,76,2,2,1242.76,windscreen,suv,NSW,12,0
CLM-000247,1014.62,1496,62,0,17,1783.19,theft,suv,SA,1,0
CLM-000248,8330.78,908,64,0,1,1313.0,collision,hatchback,SA,6,0
CLM-000249,1417.38,1032,20,0,11,1197.11,collision,hatchback,QLD,13,0
CLM-000250,1952.27,532,29,1,17,1202.7,collision,suv,VIC,9,0
CLM-000251,4541.64,2036,20,3,2,1237.47,theft,hatchback,WA,10,0
CLM-000252,7516.95,533,83,0,7,993.75,windscreen,suv,NSW,7,0
CLM-000253,1254.91,2483,67,1,11,1194.2,collision,sedan,VIC,1,0
CLM-000254,2029.59,935,82,1,20,1388.83,collision,suv,VIC,11,0
CLM-000255,3207.19,2063,78,0,8,1483.45,collision,sedan,WA,10,0
CLM-000256,2592.1,1959,33,2,2,1747.33,windscreen,hatchback,WA,18,0
CLM-000257,5656.29,2311,52,1,2,1429.52,windscreen,sedan,QLD,2,0
CLM-000258,39220.14,2767,61,0,4,1193.42,collision,sedan,NSW,11,1
CLM-000259,4082.6,2046,67,0,19,1016.36,collision,suv,VIC,20,0
CLM-000260,1717.46,3112,62,0,17,1447.18,theft,sedan,NSW,6,0
CLM-000261,1127.34,945,48,0,9,1311.27,collision,sedan,WA,7,0
CLM-000262,2335.68,2742,18,0,18,1322.18,windscreen,ute,NSW,2,0
CLM-000263,1472.64,1251,80,0,20,1436.63,collision,sedan,NSW,13,0
CLM-000264,4232.98,2292,64,0,19,1521.4,collision,suv,QLD,20,0
CLM-000265,4183.97,1795,74,0,0,1439.01,liability,suv,VIC,11,0
CLM-000266,2106.16,3312,32,1,2,1293.73,collision,sedan,WA,10,0
CLM-000267,13209.83,989,25,1,15,1085.54,collision,sedan,NSW,17,0
CLM-000268,1717.14,1897,78,0,8,1147.78,collision,ute,WA,10,0
CLM-000269,2725.55,600,71,4,3,1629.93,collision,hatchback,NSW,9,0
CLM-000270,4814.43,2311,74,1,14,1210.22,collision,sedan,NSW,18,1
CLM-000271,5819.92,134,47,3,7,905.81,collision,hatchback,VIC,6,0
CLM-000272,7771.22,1502,78,0,20,1732.66,collision,suv,NSW,20,0
CLM-000273,4110.8,36,33,0,12,1039.02,collision,suv,VIC,6,0
CLM-000274,6556.32,1194,68,0,5,1361.63,theft,ute,NSW,12,0
CLM-000275,1810.16,1766,51,1,20,1512.08,theft,ute,NSW,6,0
CLM-000276,5934.64,1210,29,0,13,1351.06,collision,hatchback,QLD,15,0
CLM-000277,5875.5,1408,66,1,6,532.21,collision,suv,NSW,10,0
CLM-000278,9271.17,541,42,0,3,1478.86,collision,suv,QLD,5,0
CLM-000279,852.93,2608,28,0,12,1787.73,windscreen,suv,QLD,17,0
CLM-000280,1509.62,2907,65,0,16,1609.56,windscreen,sedan,NSW,22,0
CLM-000281,5526.75,1659,69,1,18,649.08,collision,ute,QLD,0,0
CLM-000282,408.09,202,39,1,2,2051.99,collision,sedan,NSW,13,0
CLM-000283,4311.34,227,82,1,9,912.47,collision,sedan,VIC,17,0
CLM-000284,6600.19,2462,65,0,21,994.12,collision,sedan,NSW,17,0
CLM-000285,1934.72,3390,19,1,14,1608.02,collision,sedan,WA,5,0
CLM-000286,2158.91,3155,40,1,2,1499.44,collision,suv,VIC,2,0
CLM-000287,1331.95,1480,83,1,20,1376.51,collision,suv,VIC,12,0
CLM-000288,2015.94,1815,29,0,15,1162.1,collision,suv,SA,15,0
CLM-000289,2060.23,595,81,2,10,1789.18,collision,sedan,VIC,6,0
CLM-000290,1786.24,256,52,1,17,1337.02,collision,suv,WA,8,0
CLM-000291,1714.27,2795,63,2,14,833.28,windscreen,suv,QLD,12,0
CLM-000292,2432.67,1563,63,0,5,1756.66,collision,ute,SA,10,0
CLM-000293,2410.7,1813,52,0,17,1422.36,liability,suv,WA,11,0
CLM-000294,12156.25,1252,52,3,5,1717.95,collision,suv,SA,16,0
CLM-000295,2218.0,1143,56,0,5,1538.94,windscreen,suv,NSW,23,0
CLM-000296,3858.8,3597,61,0,13,2139.24,liability,hatchback,QLD,19,0
CLM-000297,1933.98,2979,67,0,0,1247.71,liability,ute,WA,0,0
CLM-000298,1915.63,2523,47,0,13,1355.31,windscreen,suv,QLD,8,0
CLM-000299,830.25,1420,47,0,12,1587.54,windscreen,suv,NSW,0,0
CLM-000300,917.34,2632,70,0,15,1249.75,theft,sedan,SA,20,0
CLM-000301,1205.62,1238,68,0,3,1614.87,windscreen,hatchback,NSW,15,0
CLM-000302,3421.29,1882,61,1,12,450.0,collision,sedan,VIC,5,0
CLM-000303,6681.72,529,48,0,9,1325.98,collision,sedan,VIC,20,0
CLM-000304,780.55,2589,56,1,3,1316.01,collision,hatchback,NSW,13,0
CLM-000305,1974.74,220,56,1,9,1304.06,windscreen,ute,QLD,1,0
CLM-000306,1069.38,2637,47,1,20,1060.61,collision,sedan,NSW,3,0
CLM-000307,2444.98,2203,29,1,18,1649.02,collision,sedan,QLD,19,0
CLM-000308,6679.69,242,53,0,3,1183.53,theft,sedan,WA,6,0
CLM-000309,2132.05,1847,47,0,18,1416.09,collision,suv,VIC,12,0
CLM-000310,2876.59,812,21,0,12,1337.74,collision,sedan,QLD,21,0
CLM-000311,8878.8,1737,82,0,1,1515.12,collision,hatchback,NSW,6,0
CLM-000312,4202.46,47,62,0,20,1822.22,collision,hatchback,WA,0,0
CLM-000313,1685.69,2634,25,0,11,1414.38,collision,suv,SA,2,0
CLM-000314,3358.29,1860,31,1,20,1627.66,collision,suv,NSW,21,0
CLM-000315,1602.53,1322,56,0,2,1397.81,collision,sedan,QLD,14,0
CLM-000316,4086.16,3196,75,0,3,1183.02,collision,sedan,VIC,7,0
CLM-000317,4387.46,2354,50,0,19,1303.29,collision,ute,VIC,1,1
CLM-000318,1069.16,2224,72,1,5,1256.43,theft,sedan,QLD,16,0
CLM-000319,3399.43,536,26,0,12,1537.49,collision,sedan,VIC,0,0
CLM-000320,2729.35,1825,53,0,13,1385.2,liability,sedan,QLD,2,0
CLM-000321,4485.06,2557,73,0,20,1087.89,liability,sedan,NSW,14,0
CLM-000322,5560.87,3379,74,0,7,1276.75,collision,suv,VIC,15,0
CLM-000323,4264.53,2205,34,0,16,846.45,collision,ute,WA,13,0
CLM-000324,2374.65,628,62,0,16,1289.08,collision,hatchback,NSW,21,0
CLM-000325,6002.9,2474,20,2,15,1350.43,windscreen,suv,VIC,6,0
CLM-000326,1548.75,272,27,0,11,1946.79,theft,hatchback,NSW,13,0
CLM-000327,1107.22,1142,78,1,1,1794.99,windscreen,suv,WA,7,0
CLM-000328,271.38,3348,67,1,5,1008.76,collision,hatchback,VIC,8,0
CLM-000329,2828.2,2926,31,0,12,1416.58,theft,suv,VIC,3,0
CLM-000330,1609.76,3295,84,0,9,1422.37,collision,sedan,NSW,19,0
CLM-000331,4017.1,1286,84,3,4,1273.96,windscreen,hatchback,VIC,16,0
CLM-000332,679.65,2492,20,1,15,1294.99,collision,sedan,SA,17,0
CLM-000333,1834.66,2555,19,0,10,1233.2,theft,sedan,VIC,3,0
CLM-000334,4241.63,897,34,2,17,1967.99,windscreen,sedan,VIC,2,0
CLM-000335,1376.95,3440,71,0,12,1212.66,collision,suv,QLD,18,0
CLM-000336,4051.91,3539,58,0,8,1462.51,theft,suv,VIC,15,0
CLM-000337,1963.01,402,52,0,2,515.42,collision,suv,VIC,0,0
CLM-000338,2908.5,2793,45,0,2,1621.78,windscreen,hatchback,VIC,15,0
CLM-000339,4658.13,1634,50,1,11,1740.8,collision,sedan,NSW,23,0
CLM-000340,6091.18,2459,60,1,7,1002.83,liability,suv,QLD,18,0
CLM-000341,3195.09,2023,22,0,15,1181.08,collision,suv,WA,6,0
CLM-000342,1618.88,813,57,0,13,1499.0,liability,hatchback,WA,7,0
CLM-000343,2114.28,350,32,0,6,1356.42,windscreen,sedan,WA,18,0
CLM-000344,4806.46,1872,70,0,16,1503.9,theft,sedan,VIC,9,0
CLM-000345,1385.84,3055,31,2,12,1255.21,windscreen,suv,NSW,17,0
CLM-000346,2608.29,3002,22,1,19,1964.88,windscreen,ute,QLD,23,0
CLM-000347,2231.85,1002,47,0,20,1128.99,liability,ute,SA,9,0
CLM-000348,2758.6,3139,47,3,21,2238.22,collision,suv,QLD,13,0
CLM-000349,1398.34,1299,52,1,2,1759.83,theft,ute,VIC,11,0
CLM-000350,743.26,2049,75,2,11,1624.6,collision,suv,QLD,12,0
CLM-000351,4405.27,1183,64,1,0,1006.64,theft,sedan,QLD,1,0
CLM-000352,6143.18,1908,42,0,19,1650.2,collision,sedan,WA,23,0
CLM-000353,777.33,1932,66,1,15,1549.3,collision,sedan,QLD,12,0
CLM-000354,3931.18,2546,51,0,5,650.53,collision,suv,VIC,5,0
CLM-000355,6716.93,1722,32,1,13,886.48,collision,suv,NSW,13,0
CLM-000356,4660.76,1928,19,2,12,1468.02,collision,suv,VIC,9,0
CLM-000357,2180.91,2377,18,0,11,1306.01,windscreen,suv,NSW,19,0
CLM-000358,1469.06,1524,33,0,11,1179.56,windscreen,suv,SA,18,0
CLM-000359,3167.61,1914,72,1,21,1706.05,collision,ute,VIC,9,0
CLM-000360,3589.75,311,49,0,16,1058.35,theft,ute,VIC,17,0
CLM-000361,3203.04,3174,48,2,8,1199.77,liability,sedan,VIC,0,0
CLM-000362,2604.25,460,44,2,17,1136.48,collision,suv,QLD,23,0
CLM-000363,1323.47,3186,35,1,3,1518.36,collision,suv,VIC,12,0
CLM-000364,4092.93,2775,65,1,6,782.58,collision,suv,NSW,15,0
CLM-000365,4243.49,3458,18,0,2,1185.77,theft,sedan,WA,15,0
CLM-000366,3465.52,90,58,0,19,781.49,collision,suv,VIC,7,0
CLM-000367,3239.73,792,80,1,0,1246.75,windscreen,ute,VIC,16,0
CLM-000368,10503.22,190,76,2,19,1588.61,theft,suv,NSW,9,0
CLM-000369,1866.31,1524,42,1,18,1594.5,collision,sedan,VIC,16,0
CLM-000370,7793.74,3301,75,0,20,1109.89,liability,suv,QLD,2,0
CLM-000371,1718.97,2796,33,0,16,1526.0,windscreen,hatchback,WA,3,0
CLM-000372,6848.01,2569,34,0,10,1288.9,collision,sedan,NSW,22,0
CLM-000373,7517.78,3096,41,1,17,1799.16,collision,hatchback,SA,17,0
CLM-000374,2392.78,15,19,0,21,1307.11,collision,sedan,QLD,3,0
CLM-000375,10360.15,2874,35,0,19,450.0,collision,suv,NSW,5,0
CLM-000376,4237.7,1138,75,1,17,1645.24,collision,suv,NSW,13,0
CLM-000377,1543.87,2521,69,0,16,1198.5,liability,sedan,NSW,0,0
CLM-000378,2251.57,2786,40,1,14,1259.51,collision,hatchback,WA,9,0
CLM-000379,6971.4,2502,38,0,19,1460.85,collision,suv,NSW,7,1
CLM-000380,5956.86,1524,41,0,9,879.85,windscreen,hatchback,VIC,3,0
CLM-000381,1348.12,2232,25,2,11,1374.64,collision,sedan,QLD,7,0
CLM-000382,2685.32,1711,28,1,18,1526.38,liability,hatchback,WA,7,0
CLM-000383,3472.54,2293,84,3,5,1470.14,windscreen,hatchback,QLD,1,0
CLM-000384,2037.13,1674,64,0,16,1152.35,collision,suv,QLD,15,0
CLM-000385,17471.91,1438,63,1,2,1677.34,collision,sedan,NSW,6,0
CLM-000386,3551.94,737,36,0,12,1020.83,liability,ute,WA,0,1
CLM-000387,2845.92,1414,75,3,0,1143.58,windscreen,suv,NSW,0,0
CLM-000388,7281.84,2633,29,0,21,1305.12,liability,hatchback,NSW,23,0
CLM-000389,2266.72,3176,82,2,18,1447.5,collision,suv,SA,2,0
CLM-000390,6345.94,375,51,0,5,1242.9,windscreen,sedan,NSW,21,0
CLM-000391,853.38,667,40,1,3,1755.43,theft,sedan,NSW,3,0
CLM-000392,2121.25,1851,68,0,14,1447.44,collision,ute,QLD,2,0
CLM-000393,6547.27,2564,45,0,19,1374.97,theft,hatchback,NSW,13,0
CLM-000394,9678.37,620,36,0,7,1435.84,theft,sedan,NSW,20,1
CLM-000395,1669.08,1185,63,0,21,1591.86,collision,ute,QLD,1,0
CLM-000396,1529.4,169,66,2,10,1429.46,collision,hatchback,QLD,7,0
CLM-000397,4562.31,191,58,0,9,752.86,windscreen,sedan,QLD,18,0
CLM-000398,1868.19,522,48,0,7,1709.54,collision,sedan,NSW,1,0
CLM-000399,2437.11,2661,40,0,5,1389.49,collision,ute,VIC,4,0
CLM-000400,5752.0,3173,45,2,7,1576.0,collision,suv,WA,7,0
CLM-000401,1982.12,1820,76,1,3,1216.04,collision,sedan,NSW,19,0
CLM-000402,682.61,642,42,0,8,747.18,liability,hatchback,NSW,19,0
CLM-000403,1123.48,3363,82,1,6,597.96,windscreen,suv,NSW,17,0
CLM-000404,3003.3,1016,27,1,1,1038.36,collision,hatchback,VIC,15,0
CLM-000405,736.89,564,28,1,7,1520.71,liability,hatchback,NSW,0,0
CLM-000406,2385.42,504,40,0,0,1778.3,windscreen,hatchback,QLD,5,0
CLM-000407,1049.35,1288,18,0,3,1449.65,collision,suv,SA,22,0
CLM-000408,10198.07,2684,76,1,15,1002.76,windscreen,sedan,NSW,17,0
CLM-000409,15121.26,1449,40,1,0,1091.24,collision,suv,QLD,5,1
CLM-000410,1347.97,1625,24,0,6,1799.06,liability,sedan,NSW,16,0
CLM-000411,3613.99,1242,59,0,15,917.44,theft,suv,NSW,17,0
CLM-000412,1450.55,3444,82,1,0,2043.59,theft,sedan,QLD,17,0
CLM-000413,2363.77,2495,84,0,16,1969.09,collision,suv,VIC,23,0
CLM-000414,11528.78,2424,25,1,1,2054.46,liability,sedan,SA,12,0
CLM-000415,2100.61,1597,71,0,1,1475.63,collision,sedan,VIC,1,0
CLM-000416,2405.4,1939,42,0,4,1237.3,collision,sedan,NSW,19,0
CLM-000417,1470.13,3230,74,0,18,1467.59,collision,suv,VIC,0,0
CLM-000418,7041.96,2396,58,1,1,1649.83,windscreen,ute,NSW,15,0
CLM-000419,257.89,2970,67,1,2,1135.24,collision,sedan,WA,19,0
CLM-000420,2138.59,147,74,2,20,986.6,liability,hatchback,QLD,3,0
CLM-000421,2880.11,3137,77,0,13,1256.3,theft,hatchback,VIC,19,0
CLM-000422,1815.64,3469,27,0,12,1095.14,collision,suv,VIC,19,0
CLM-000423,5696.8,2438,66,1,0,1759.49,collision,suv,QLD,15,0
CLM-000424,7343.13,3490,27,1,8,1146.58,collision,suv,QLD,7,0
CLM-000425,1033.77,2072,81,0,12,1381.56,theft,sedan,NSW,4,0
CLM-000426,14330.06,1007,60,1,11,1674.4,windscreen,suv,NSW,16,0
CLM-000427,1025.11,2212,30,2,11,1772.35,collision,sedan,NSW,3,0
CLM-000428,7835.92,2293,37,0,2,1418.82,windscreen,hatchback,VIC,16,0
CLM-000429,3335.48,527,78,4,21,1476.82,collision,hatchback,VIC,4,0
CLM-000430,2043.1,736,61,1,15,1014.39,windscreen,hatchback,NSW,8,0
CLM-000431,2192.89,1063,33,0,5,1687.61,liability,suv,VIC,12,0
CLM-000432,2906.97,1998,72,1,21,1766.96,windscreen,suv,VIC,3,0
CLM-000433,3485.31,540,66,0,6,732.78,theft,hatchback,NSW,19,0
CLM-000434,1495.0,2813,23,0,2,1931.77,windscreen,sedan,WA,16,0
CLM-000435,2501.25,399,36,1,19,1118.78,collision,sedan,VIC,0,0
CLM-000436,1672.37,3430,74,0,3,1546.23,collision,suv,VIC,20,0
CLM-000437,1198.36,2466,41,0,1,1375.6,collision,suv,VIC,17,0
CLM-000438,1614.88,1238,20,0,13,1330.08,collision,suv,NSW,20,0
CLM-000439,1258.3,1359,58,0,5,1281.85,windscreen,sedan,WA,14,0
CLM-000440,2175.22,2531,78,0,3,1022.45,theft,suv,VIC,15,0
CLM-000441,4123.08,324,55,0,2,1522.86,windscreen,sedan,VIC,9,1
CLM-000442,3263.43,2614,83,1,2,1255.61,collision,sedan,WA,5,0
CLM-000443,13105.12,2015,25,1,21,917.89,windscreen,sedan,WA,5,0
CLM-000444,568.02,807,62,0,14,1008.45,collision,suv,WA,7,0
CLM-000445,4238.67,3275,61,1,18,923.49,collision,hatchback,NSW,6,0
CLM-000446,2995.35,2295,83,0,13,1176.89,windscreen,suv,NSW,18,0
CLM-000447,5495.87,597,52,0,11,1510.08,liability,ute,QLD,12,0
CLM-000448,5101.8,2392,73,0,4,1115.33,theft,ute,VIC,9,0
CLM-000449,2633.99,1501,27,2,21,1671.9,collision,suv,QLD,17,0
CLM-000450,3393.06,2788,20,0,18,1310.66,theft,hatchback,QLD,17,0
CLM-000451,1706.07,1796,66,1,11,1254.5,collision,ute,NSW,22,0
CLM-000452,4723.29,3649,18,0,2,1355.53,liability,suv,NSW,7,0
CLM-000453,728.39,3384,76,1,16,1810.4,windscreen,sedan,VIC,5,0
CLM-000454,5338.07,146,19,0,7,897.46,collision,sedan,NSW,0,0
CLM-000455,2929.6,1500,64,0,4,1896.6,collision,hatchback,QLD,3,0
CLM-000456,2068.76,738,48,0,16,1666.85,collision,ute,QLD,14,0
CLM-000457,2503.89,1643,61,1,18,1342.85,liability,hatchback,VIC,19,0
CLM-000458,2645.47,529,59,1,13,1740.4,collision,hatchback,QLD,14,0
CLM-000459,7887.05,1955,47,1,1,1243.58,windscreen,sedan,VIC,23,0
CLM-000460,33695.52,563,50,1,13,1444.27,theft,ute,QLD,15,1
CLM-000461,7442.06,2274,51,1,20,1171.33,collision,suv,NSW,21,0
CLM-000462,1950.82,1658,63,1,15,1668.94,collision,ute,QLD,6,0
CLM-000463,4780.67,3624,65,0,5,1116.61,liability,sedan,QLD,7,0
CLM-000464,4939.39,3206,48,1,14,1333.05,collision,sedan,NSW,19,0
CLM-000465,1489.4,2190,41,0,5,1574.12,collision,ute,VIC,15,0
CLM-000466,1157.94,1637,20,1,19,1695.9,theft,ute,WA,11,0
CLM-000467,2842.78,2612,70,0,18,1079.02,theft,suv,NSW,22,0
CLM-000468,5463.15,2439,33,1,12,1598.54,liability,sedan,QLD,18,0
CLM-000469,889.93,508,47,0,2,1025.94,collision,sedan,SA,7,0
CLM-000470,1735.98,1374,84,0,8,640.39,collision,hatchback,WA,14,0
CLM-000471,4580.16,3621,70,0,2,1103.14,collision,suv,VIC,9,0
CLM-000472,3075.72,1166,41,0,16,1625.44,collision,suv,QLD,9,0
CLM-000473,8623.15,48,49,1,14,1345.97,collision,suv,SA,19,0
CLM-000474,1034.29,3044,39,0,5,1173.45,collision,suv,VIC,16,0
CLM-000475,17398.23,3404,59,1,18,1368.31,collision,suv,NSW,0,0
CLM-000476,940.59,2392,28,0,16,1357.39,collision,suv,NSW,13,0
CLM-000477,650.75,2317,81,0,20,1555.23,collision,hatchback,QLD,15,0
CLM-000478,2852.11,1280,84,0,6,818.14,theft,hatchback,VIC,12,0
CLM-000479,1273.03,1311,38,0,3,1316.22,theft,hatchback,NSW,7,0
CLM-000480,2895.56,3336,33,0,10,1391.01,collision,suv,VIC,15,0
CLM-000481,2820.6,3131,54,3,5,899.43,collision,suv,QLD,22,0
CLM-000482,2573.88,1819,61,1,16,894.9,collision,ute,VIC,2,0
CLM-000483,1584.77,1142,61,0,9,1229.65,theft,hatchback,WA,14,0
CLM-000484,4123.64,687,20,2,13,1352.81,collision,suv,QLD,21,0
CLM-000485,2349.59,39,65,1,3,1353.98,collision,ute,SA,9,0
CLM-000486,6820.91,1763,22,0,1,1166.41,collision,ute,WA,8,0
CLM-000487,2603.78,2021,40,0,20,1152.88,collision,ute,NSW,5,0
CLM-000488,1445.94,2462,66,0,9,1219.59,collision,ute,QLD,5,0
CLM-000489,840.69,2938,77,1,3,1448.51,collision,sedan,NSW,9,0
CLM-000490,2619.97,1339,60,0,17,1760.72,collision,suv,SA,18,0
CLM-000491,1150.67,608,28,4,2,617.27,windscreen,suv,NSW,4,0
CLM-000492,1083.04,3079,63,1,21,1555.59,theft,sedan,QLD,5,0
CLM-000493,4427.51,2782,20,1,8,1313.32,theft,hatchback,WA,23,0
CLM-000494,785.84,1945,33,0,10,1523.49,collision,suv,NSW,23,0
CLM-000495,8596.8,142,26,0,5,1741.23,windscreen,sedan,WA,5,0
CLM-000496,3360.31,1707,83,0,1,1100.81,collision,hatchback,NSW,10,0
CLM-000497,2884.53,2260,42,1,8,1661.62,collision,ute,VIC,9,0
CLM-000498,1371.86,3134,55,0,8,936.17,theft,ute,VIC,7,0
CLM-000499,5288.44,1854,70,0,9,1392.11,collision,suv,VIC,3,0
CLM-000500,2974.47,1689,82,0,10,1269.97,collision,hatchback,VIC,1,1
CLM-000501,1781.89,1386,84,1,13,1365.27,windscreen,suv,WA,14,0
CLM-000502,3462.92,1512,28,0,1,1023.62,liability,suv,NSW,1,0
CLM-000503,843.8,59,44,1,7,1494.17,liability,sedan,VIC,14,0
CLM-000504,874.37,378,45,0,19,1873.47,collision,suv,WA,2,0
CLM-000505,1286.73,2760,71,0,20,1029.29,collision,ute,QLD,3,0
CLM-000506,3874.4,1323,40,0,11,1412.58,windscreen,suv,NSW,0,0
CLM-000507,2973.68,3105,33,1,8,1632.44,collision,suv,SA,9,0
CLM-000508,6546.82,1449,68,0,9,1252.08,windscreen,hatchback,NSW,7,1
CLM-000509,1495.19,3638,51,2,17,1798.93,collision,ute,VIC,7,0
CLM-000510,4587.09,659,68,1,8,1208.2,collision,sedan,VIC,7,0
CLM-000511,2736.94,686,43,0,20,1311.62,collision,hatchback,QLD,22,0
CLM-000512,1469.56,2145,50,1,0,1022.26,windscreen,ute,NSW,10,0
CLM-000513,3979.78,2929,18,0,13,1391.77,collision,hatchback,NSW,19,0
CLM-000514,2836.97,525,19,3,11,1351.0,collision,hatchback,QLD,5,0
CLM-000515,1859.68,1835,18,0,9,1559.85,collision,hatchback,NSW,11,0
CLM-000516,3076.35,816,29,1,10,1140.05,collision,ute,VIC,1,0
CLM-000517,2704.99,2690,41,1,3,1124.94,collision,suv,QLD,6,0
CLM-000518,2656.42,2047,21,0,7,1502.62,windscreen,sedan,QLD,1,0
CLM-000519,2187.59,2387,28,0,7,1811.07,collision,suv,NSW,0,0
CLM-000520,1120.23,981,74,1,14,1557.57,windscreen,ute,NSW,4,0
CLM-000521,3152.89,1054,75,1,13,1959.65,windscreen,suv,SA,3,0
CLM-000522,1632.66,2334,37,1,9,1533.25,collision,hatchback,VIC,7,0
CLM-000523,1386.8,1288,81,0,11,1521.37,collision,sedan,NSW,17,0
CLM-000524,2488.6,2520,25,1,12,1574.17,theft,suv,NSW,3,0
CLM-000525,5169.44,562,20,0,1,1841.1,collision,suv,VIC,14,0
CLM-000526,3426.21,1099,41,1,19,1758.4,collision,suv,SA,8,0
CLM-000527,2001.48,371,35,0,19,991.99,liability,sedan,NSW,9,0
CLM-000528,1942.03,318,23,0,8,1614.19,liability,sedan,NSW,22,0
CLM-000529,4802.35,957,74,0,16,1437.57,windscreen,hatchback,VIC,11,0
CLM-000530,493.96,1786,83,0,8,1285.97,collision,suv,NSW,6,0
CLM-000531,5420.94,527,36,1,1,764.93,theft,sedan,NSW,5,0
CLM-000532,731.05,339,39,1,19,841.75,windscreen,sedan,SA,4,0
CLM-000533,1031.16,3202,66,1,5,1229.73,collision,suv,QLD,19,0
CLM-000534,2026.98,1880,80,1,7,866.68,theft,sedan,NSW,15,1
CLM-000535,15177.86,2611,37,1,12,1236.56,collision,ute,VIC,6,0
CLM-000536,10488.81,2650,63,1,9,1585.73,collision,ute,NSW,11,0
CLM-000537,5063.77,370,19,1,5,1158.28,collision,sedan,NSW,12,0
CLM-000538,3894.84,2264,55,0,17,1377.54,collision,suv,VIC,1,0
CLM-000539,737.52,3141,84,1,7,996.92,collision,sedan,VIC,21,0
CLM-000540,3352.86,1636,49,1,13,1448.59,windscreen,sedan,QLD,18,0
CLM-000541,1974.53,3146,60,1,14,1517.68,liability,hatchback,WA,12,0
CLM-000542,1615.66,3452,64,2,20,880.43,collision,suv,NSW,17,0
CLM-000543,3347.95,1994,60,0,10,1101.88,windscreen,hatchback,SA,2,0
CLM-000544,2093.66,371,63,1,10,931.83,liability,sedan,VIC,23,0
CLM-000545,5721.43,2253,77,0,20,1518.04,collision,suv,NSW,15,0
CLM-000546,697.87,3212,18,0,10,1404.12,collision,suv,WA,22,0
CLM-000547,3153.47,2114,77,0,6,1333.6,collision,suv,NSW,20,0
CLM-000548,1541.76,2920,78,0,0,1307.67,collision,hatchback,VIC,14,0
CLM-000549,2192.45,1954,78,1,7,1456.54,windscreen,sedan,QLD,6,0
CLM-000550,3746.1,1532,42,1,4,1463.14,collision,hatchback,NSW,16,0
CLM-000551,1289.51,3451,57,1,6,1186.46,collision,hatchback,WA,12,0
CLM-000552,3371.71,557,41,0,11,1140.25,collision,suv,NSW,9,0
CLM-000553,2542.1,1633,74,0,11,1330.53,collision,suv,WA,17,0
CLM-000554,1816.31,568,45,0,4,1287.39,liability,suv,NSW,21,0
CLM-000555,2094.5,2389,38,1,10,2030.03,collision,sedan,NSW,4,1
CLM-000556,2654.7,3364,63,0,9,1223.31,collision,ute,VIC,13,0
CLM-000557,1675.93,3641,21,0,0,1445.59,collision,suv,WA,18,0
CLM-000558,2996.86,853,43,0,6,1503.76,collision,hatchback,NSW,7,0
CLM-000559,2419.62,2655,31,0,15,1812.17,theft,suv,WA,8,0
CLM-000560,1884.73,3190,43,1,0,1082.31,collision,suv,NSW,0,0
CLM-000561,9822.02,3043,48,1,6,1792.08,collision,ute,VIC,7,0
CLM-000562,4070.13,1837,22,0,10,1301.36,collision,suv,VIC,14,0
CLM-000563,2237.17,636,75,1,3,2175.44,windscreen,hatchback,NSW,23,0
CLM-000564,3325.57,1685,45,1,14,1469.66,theft,sedan,SA,12,0
CLM-000565,1380.06,2832,42,0,15,944.45,theft,hatchback,VIC,6,0
CLM-000566,2148.28,2261,28,1,7,1284.94,theft,hatchback,QLD,19,0
CLM-000567,2344.77,1417,84,1,5,1790.97,windscreen,hatchback,VIC,4,1
CLM-000568,1170.17,784,75,0,17,1376.91,collision,suv,VIC,4,0
CLM-000569,3985.89,2379,50,1,4,1330.32,collision,hatchback,QLD,12,0
CLM-000570,2040.17,1563,40,2,3,1587.27,collision,sedan,WA,19,0
CLM-000571,2283.35,1723,49,2,0,1236.15,collision,ute,QLD,5,0
CLM-000572,1945.86,3425,82,0,2,1280.46,windscreen,sedan,VIC,0,0
CLM-000573,27427.95,33,32,1,19,1038.26,collision,sedan,QLD,17,1
CLM-000574,1813.54,869,63,1,20,1920.51,windscreen,suv,QLD,14,0
CLM-000575,631.75,3357,78,1,12,946.54,windscreen,suv,VIC,16,0
CLM-000576,897.89,3363,68,1,20,1405.92,collision,suv,QLD,9,0
CLM-000577,5268.37,1104,76,0,15,1508.36,liability,hatchback,VIC,2,0
CLM-000578,8122.06,3628,81,2,8,1345.5,theft,sedan,QLD,7,0
CLM-000579,1787.64,772,22,2,15,936.23,windscreen,ute,SA,11,0
CLM-000580,7779.23,189,34,0,9,1020.41,collision,sedan,SA,10,0
CLM-000581,5198.85,1120,27,1,21,1522.43,collision,ute,WA,21,0
CLM-000582,2586.06,1939,56,0,18,1092.64,collision,ute,QLD,5,0
CLM-000583,2452.01,21,45,0,18,666.23,collision,suv,QLD,7,0
CLM-000584,3414.04,627,20,1,11,1477.7,collision,ute,NSW,4,1
CLM-000585,5756.54,2886,55,0,11,1062.08,liability,hatchback,VIC,13,0
CLM-000586,4015.72,2269,24,0,2,1558.3,theft,hatchback,NSW,19,0
CLM-000587,1794.34,2209,45,2,14,1283.46,collision,suv,NSW,21,0
CLM-000588,2615.85,3611,42,2,2,1267.56,collision,suv,SA,5,0
CLM-000589,13173.3,833,77,0,11,1367.24,collision,ute,WA,10,0
CLM-000590,3599.0,3273,63,0,2,974.3,collision,sedan,VIC,17,0
CLM-000591,5721.54,1296,59,0,10,1077.6,liability,hatchback,NSW,1,0
CLM-000592,4468.97,3375,73,1,17,1264.23,collision,suv,QLD,17,0
CLM-000593,3659.27,2858,30,1,6,972.37,collision,hatchback,VIC,3,0
CLM-000594,3234.16,778,35,0,13,1585.56,theft,sedan,WA,0,0
CLM-000595,5843.25,764,68,4,5,1248.56,collision,sedan,SA,2,0
CLM-000596,5110.14,1979,68,1,6,871.69,collision,hatchback,VIC,21,0
CLM-000597,3633.39,1835,19,0,4,1165.52,windscreen,hatchback,NSW,16,0
CLM-000598,1771.67,857,33,0,3,1383.4,theft,hatchback,NSW,18,0
CLM-000599,3980.53,950,33,0,8,1202.79,liability,hatchback,NSW,16,0
CLM-000600,2834.85,3282,18,0,2,1481.94,theft,suv,VIC,19,0
CLM-000601,2365.65,2751,62,0,19,1539.43,collision,sedan,NSW,11,0
CLM-000602,22227.42,697,21,0,16,2142.56,windscreen,sedan,NSW,19,0
CLM-000603,939.84,2647,74,0,4,1729.71,liability,suv,NSW,1,0
CLM-000604,6117.35,561,57,0,19,810.0,windscreen,sedan,NSW,13,0
CLM-000605,1560.87,1624,69,0,8,1231.12,liability,hatchback,QLD,18,0
CLM-000606,3289.19,44,51,1,11,1262.01,windscreen,sedan,NSW,23,0
CLM-000607,20464.37,2369,83,1,15,1539.77,windscreen,sedan,WA,8,0
CLM-000608,1448.41,664,36,1,16,1041.92,collision,sedan,NSW,4,0
CLM-000609,1732.11,861,55,0,0,1174.69,windscreen,sedan,NSW,17,0
CLM-000610,2942.06,692,18,0,6,939.34,collision,sedan,NSW,1,0
CLM-000611,1579.06,669,73,3,7,1151.25,collision,suv,QLD,18,0
CLM-000612,5785.11,282,56,0,12,1163.56,theft,suv,NSW,16,0
CLM-000613,1996.4,2023,29,1,19,1246.71,liability,suv,VIC,16,0
CLM-000614,4868.33,3167,72,0,9,958.45,liability,hatchback,NSW,7,0
CLM-000615,1100.05,1100,84,2,10,1674.07,collision,suv,SA,2,0
CLM-000616,768.83,2846,22,0,1,1505.83,windscreen,ute,NSW,14,0
CLM-000617,2510.56,1984,74,0,11,871.89,windscreen,suv,VIC,8,0
CLM-000618,919.31,928,67,0,10,1358.57,collision,sedan,WA,9,1
CLM-000619,9308.67,225,41,0,14,833.47,collision,suv,NSW,4,0
CLM-000620,946.38,2858,60,1,18,1792.94,collision,hatchback,NSW,8,0
CLM-000621,1368.86,83,70,0,12,1882.66,windscreen,suv,WA,19,0
CLM-000622,4065.19,1540,50,0,1,1331.61,collision,sedan,NSW,21,0
CLM-000623,1920.28,125,62,1,17,1068.63,liability,suv,NSW,8,0
CLM-000624,954.52,2830,21,0,10,1130.79,collision,hatchback,VIC,3,0
CLM-000625,13766.22,3612,79,1,10,1200.27,liability,ute,NSW,0,0
CLM-000626,1406.38,1178,79,0,19,1314.75,collision,suv,WA,4,0
CLM-000627,2572.95,1144,32,1,12,1802.25,windscreen,hatchback,QLD,0,0
CLM-000628,2548.11,2060,49,1,17,1665.35,collision,ute,VIC,16,0
CLM-000629,5078.3,1832,33,4,19,1670.43,collision,suv,NSW,15,0
CLM-000630,4216.52,1392,44,1,10,1406.29,windscreen,sedan,QLD,18,0
CLM-000631,1603.43,1335,36,0,21,969.31,liability,sedan,QLD,7,0
CLM-000632,2334.68,685,75,0,3,1095.88,windscreen,hatchback,NSW,19,0
CLM-000633,2514.45,915,64,1,19,1370.04,collision,suv,WA,4,0
CLM-000634,5227.66,2137,74,1,18,953.64,collision,suv,VIC,5,0
CLM-000635,1241.11,2680,71,3,2,1450.31,collision,suv,QLD,21,0
CLM-000636,13542.43,2740,66,0,3,1615.69,collision,sedan,NSW,21,0
CLM-000637,1686.84,1885,29,2,0,1529.96,theft,hatchback,NSW,14,0
CLM-000638,2961.46,2748,73,0,6,1516.71,windscreen,sedan,QLD,14,0
CLM-000639,1248.89,2160,70,0,21,734.13,windscreen,hatchback,QLD,16,0
CLM-000640,1125.95,1300,26,0,2,1790.01,windscreen,suv,VIC,19,0
CLM-000641,1547.16,1289,23,1,0,832.76,windscreen,sedan,NSW,5,0
CLM-000642,1439.58,1893,68,0,10,1299.59,windscreen,sedan,WA,1,0
CLM-000643,2184.86,1122,44,1,7,1554.12,collision,hatchback,NSW,4,0
CLM-000644,1430.5,2787,39,0,13,1468.34,collision,sedan,VIC,8,0
CLM-000645,5022.41,675,44,1,13,928.31,theft,sedan,QLD,5,0
CLM-000646,1657.0,198,76,3,18,987.55,windscreen,ute,NSW,12,0
CLM-000647,1524.83,1792,42,1,9,1444.73,collision,suv,NSW,3,0
CLM-000648,2220.02,262,42,1,10,1518.58,collision,suv,NSW,13,0
CLM-000649,6276.89,699,44,0,0,984.62,theft,sedan,WA,17,0
CLM-000650,3502.24,1373,21,0,21,1479.56,collision,hatchback,NSW,2,0
CLM-000651,2766.21,15,20,2,4,849.96,collision,sedan,QLD,6,0
CLM-000652,1017.61,815,45,1,13,1556.05,liability,sedan,SA,12,0
CLM-000653,1265.18,1988,19,0,19,1058.33,theft,sedan,QLD,1,0
CLM-000654,1142.75,1367,68,0,13,1376.57,collision,sedan,VIC,15,0
CLM-000655,7943.73,3271,46,1,13,1321.16,windscreen,sedan,VIC,18,0
CLM-000656,4437.84,342,51,1,3,1733.02,collision,sedan,VIC,8,0
CLM-000657,1562.1,2626,40,1,15,1429.9,windscreen,sedan,VIC,0,0
CLM-000658,1952.22,2160,69,1,4,1152.3,collision,suv,SA,12,0
CLM-000659,1605.25,2351,46,2,15,1468.67,theft,hatchback,QLD,20,0
CLM-000660,1533.95,2451,20,1,12,2057.0,collision,sedan,VIC,7,0
CLM-000661,4210.03,191,50,0,10,1594.24,collision,sedan,VIC,20,0
CLM-000662,2402.7,2890,29,1,15,1330.47,liability,hatchback,WA,20,0
CLM-000663,14198.28,1209,57,0,15,1074.91,collision,hatchback,NSW,6,0
CLM-000664,7614.2,2374,55,1,4,1146.56,collision,ute,WA,14,0
CLM-000665,7959.41,1072,49,0,8,1574.4,collision,sedan,NSW,1,0
CLM-000666,4932.09,1446,43,0,10,1057.69,windscreen,suv,QLD,13,0
CLM-000667,2171.14,2555,57,1,3,1350.89,windscreen,sedan,WA,21,0
CLM-000668,4667.33,3412,63,1,7,1824.41,liability,sedan,VIC,22,0
CLM-000669,2294.74,3204,76,0,0,1399.63,collision,suv,NSW,4,0
CLM-000670,10124.43,2651,82,0,9,993.89,collision,suv,WA,15,0
CLM-000671,4036.81,1965,23,0,4,2068.69,collision,suv,VIC,1,0
CLM-000672,3629.21,1926,62,1,4,1931.61,collision,suv,NSW,6,0
CLM-000673,3279.04,3524,23,0,18,1515.39,liability,sedan,VIC,20,0
CLM-000674,10995.04,755,45,0,3,1771.0,windscreen,suv,VIC,15,0
CLM-000675,1017.08,3482,67,0,2,1261.9,theft,ute,QLD,9,0
CLM-000676,11833.81,2368,54,0,7,1589.07,collision,hatchback,NSW,23,0
CLM-000677,2592.52,2248,72,0,0,1210.23,liability,suv,VIC,18,0
CLM-000678,1038.35,2159,79,1,19,902.71,collision,suv,WA,0,0
CLM-000679,1695.69,2965,83,0,21,2205.33,collision,sedan,NSW,1,0
CLM-000680,864.28,2494,63,1,17,885.84,collision,sedan,VIC,15,0
CLM-000681,4867.05,346,63,1,17,1448.19,collision,ute,QLD,21,1
CLM-000682,1368.24,2851,71,2,2,1444.34,collision,sedan,WA,3,0
CLM-000683,3382.94,2659,33,0,12,1520.28,collision,suv,VIC,12,0
CLM-000684,6979.01,3339,38,1,1,1320.4,collision,suv,WA,19,0
CLM-000685,1800.8,3418,40,1,6,1323.85,theft,sedan,NSW,20,0
CLM-000686,2437.97,3464,67,2,10,1395.68,collision,sedan,VIC,15,0
CLM-000687,1121.56,156,41,1,14,1508.36,collision,suv,SA,23,0
CLM-000688,2227.72,2300,27,1,6,1349.4,liability,hatchback,WA,22,1
CLM-000689,20547.98,3410,71,0,5,1327.44,windscreen,suv,VIC,20,0
CLM-000690,5342.5,3525,68,1,18,914.03,collision,suv,VIC,16,0
CLM-000691,2444.15,2004,57,0,4,2014.52,collision,sedan,VIC,23,0
CLM-000692,1884.15,3326,77,2,10,1526.78,liability,suv,NSW,0,0
CLM-000693,2887.15,3213,71,0,6,1418.94,collision,sedan,WA,2,0
CLM-000694,3286.37,9,78,0,18,1143.93,collision,suv,WA,12,0
CLM-000695,2176.99,3230,35,0,11,1018.81,liability,ute,VIC,16,0
CLM-000696,4436.16,2327,25,0,2,1633.8,collision,suv,NSW,21,0
CLM-000697,1458.14,2094,40,0,3,1297.25,windscreen,sedan,VIC,16,0
CLM-000698,1452.74,651,73,0,21,1554.95,theft,sedan,NSW,5,0
CLM-000699,3934.92,3353,79,1,20,903.79,theft,sedan,QLD,21,0
CLM-000700,1240.81,1077,25,1,16,1860.46,collision,suv,VIC,1,0
CLM-000701,5150.06,1525,75,0,1,1647.45,collision,hatchback,NSW,2,0
CLM-000702,2949.2,1085,50,1,16,1323.25,collision,sedan,QLD,17,0
CLM-000703,756.78,3539,72,0,14,1504.32,collision,suv,SA,23,0
CLM-000704,3236.1,1763,63,1,20,1594.53,windscreen,ute,NSW,12,0
CLM-000705,842.3,416,22,0,10,908.8,collision,sedan,VIC,3,0
CLM-000706,5014.16,39,50,1,10,1903.68,collision,sedan,VIC,1,0
CLM-000707,2473.69,3577,23,1,13,1509.48,windscreen,suv,NSW,23,0
CLM-000708,11947.93,860,40,0,3,1117.65,windscreen,ute,VIC,6,0
CLM-000709,6657.4,2813,68,1,16,988.12,collision,suv,QLD,15,0
CLM-000710,1345.45,106,63,0,10,1675.74,collision,ute,NSW,7,0
CLM-000711,654.88,3273,65,1,4,1419.68,liability,hatchback,NSW,5,0
CLM-000712,1692.01,2374,62,1,17,1509.26,theft,ute,WA,16,0
CLM-000713,1192.8,820,18,0,5,1358.8,windscreen,hatchback,NSW,17,0
CLM-000714,11722.95,3245,57,1,18,1019.09,liability,ute,QLD,11,0
CLM-000715,2957.99,1087,50,0,6,1517.84,windscreen,hatchback,QLD,12,0
CLM-000716,6003.3,3641,53,1,10,1284.81,collision,hatchback,WA,11,0
CLM-000717,2407.22,2188,32,0,9,1342.84,collision,ute,QLD,14,0
CLM-000718,2605.16,1637,65,1,16,2134.41,collision,hatchback,WA,19,0
CLM-000719,2908.9,213,58,0,4,1636.79,theft,hatchback,QLD,17,1
CLM-000720,6835.63,949,45,1,5,1655.83,liability,suv,VIC,6,0
CLM-000721,3765.81,212,21,2,4,2247.77,collision,suv,VIC,5,0
CLM-000722,1348.84,3113,22,0,5,1476.91,collision,suv,VIC,16,0
CLM-000723,10065.67,365,42,2,9,1389.5,collision,hatchback,VIC,15,1
CLM-000724,2393.2,413,54,0,12,1125.86,liability,suv,NSW,8,0
CLM-000725,2118.28,454,84,0,19,1200.66,collision,hatchback,VIC,20,0
CLM-000726,357.05,3555,66,3,9,674.46,collision,ute,VIC,10,0
CLM-000727,4797.26,3542,50,1,9,1610.84,collision,hatchback,NSW,8,0
CLM-000728,3215.57,2609,38,0,3,931.92,collision,sedan,NSW,13,0
CLM-000729,3212.95,269,29,0,2,1647.9,collision,ute,QLD,4,0
CLM-000730,2203.67,1839,27,0,16,1335.8,collision,ute,VIC,16,0
CLM-000731,1936.4,3461,22,0,13,1392.26,collision,hatchback,WA,21,0
CLM-000732,2259.31,352,79,0,11,1336.02,collision,hatchback,VIC,22,0
CLM-000733,4219.07,2896,19,0,9,1807.4,collision,suv,WA,10,0
CLM-000734,4814.26,66,75,1,11,1749.12,collision,suv,QLD,6,0
CLM-000735,2506.71,2934,57,0,18,1340.47,collision,sedan,NSW,11,0
CLM-000736,6073.58,1987,59,0,4,1053.33,theft,hatchback,SA,2,0
CLM-000737,2809.52,3240,82,0,10,1654.88,collision,sedan,NSW,16,0
CLM-000738,2042.3,1510,70,0,5,1028.39,collision,ute,VIC,10,1
CLM-000739,3459.27,2866,27,1,2,836.9,collision,ute,QLD,2,0
CLM-000740,1075.41,3075,82,0,15,1514.46,collision,suv,VIC,13,0
CLM-000741,3549.42,1185,29,1,15,1752.1,collision,sedan,VIC,17,0
CLM-000742,937.64,2344,56,1,18,1216.32,collision,sedan,VIC,5,1
CLM-000743,1379.13,1682,60,1,0,1483.49,windscreen,hatchback,NSW,9,0
CLM-000744,655.88,1576,34,0,3,1212.83,collision,suv,NSW,21,0
CLM-000745,2614.07,2919,60,1,12,1588.26,collision,sedan,NSW,17,0
CLM-000746,9968.9,824,60,1,17,1711.36,collision,ute,NSW,19,0
CLM-000747,2730.37,436,83,0,20,1263.25,collision,sedan,QLD,10,0
CLM-000748,4830.42,1753,79,2,17,1010.89,collision,hatchback,VIC,11,0
CLM-000749,17400.17,2999,44,0,19,869.18,windscreen,sedan,VIC,11,0
CLM-000750,4036.13,594,64,2,17,1655.48,windscreen,sedan,QLD,10,0
CLM-000751,1679.23,1241,73,1,6,974.93,collision,sedan,NSW,3,0
CLM-000752,1861.85,2434,19,1,12,1472.77,collision,suv,NSW,0,0
CLM-000753,2982.43,1740,63,0,13,1606.54,collision,suv,QLD,19,0
CLM-000754,1854.42,2210,79,1,7,1184.57,collision,ute,WA,12,0
CLM-000755,1961.44,1927,26,0,19,1295.15,theft,suv,VIC,12,0
CLM-000756,6241.28,2956,68,1,16,1679.68,collision,suv,NSW,14,0
CLM-000757,6435.71,3194,22,0,11,1083.3,collision,sedan,QLD,9,0
CLM-000758,866.82,1640,44,1,10,1049.8,liability,sedan,WA,21,0
CLM-000759,1613.84,1575,72,0,17,1272.65,collision,hatchback,VIC,11,0
CLM-000760,2104.84,1017,84,0,4,1771.71,collision,sedan,NSW,12,0
CLM-000761,4671.88,1619,66,0,4,1881.54,windscreen,hatchback,NSW,12,0
CLM-000762,7025.54,3052,66,0,8,1317.4,collision,suv,VIC,3,0
CLM-000763,22617.43,1831,35,1,2,1115.0,collision,sedan,WA,4,0
CLM-000764,2102.21,2522,73,1,10,1701.16,collision,sedan,QLD,4,0
CLM-000765,2182.45,1527,62,0,9,799.13,liability,sedan,NSW,6,0
CLM-000766,4635.17,2579,81,0,11,1431.71,collision,ute,QLD,3,0
CLM-000767,1787.08,2600,58,2,10,1335.51,collision,suv,WA,5,0
CLM-000768,2681.89,1927,20,0,19,1776.96,collision,suv,VIC,22,0
CLM-000769,2183.58,3410,52,0,6,1810.36,collision,ute,WA,8,0
CLM-000770,417.28,3197,69,1,9,1038.97,theft,suv,VIC,19,0
CLM-000771,3269.61,578,70,1,16,1405.33,collision,hatchback,VIC,9,0
CLM-000772,2599.9,831,43,2,6,1161.7,collision,hatchback,VIC,19,0
CLM-000773,7734.32,3485,29,0,14,1253.2,theft,ute,VIC,18,1
CLM-000774,2993.26,1466,76,1,21,1553.74,windscreen,hatchback,SA,20,0
CLM-000775,1163.21,1132,73,0,8,1239.48,collision,ute,VIC,6,0
CLM-000776,2456.34,2906,76,1,5,1414.0,windscreen,suv,VIC,2,0
CLM-000777,621.22,2197,62,1,4,1665.9,theft,ute,VIC,7,0
CLM-000778,1202.08,485,73,1,0,1850.0,collision,sedan,VIC,16,1
CLM-000779,4801.24,335,44,0,6,1445.26,windscreen,ute,VIC,15,0
CLM-000780,2476.24,2949,70,0,18,1388.86,windscreen,hatchback,QLD,16,0
CLM-000781,5954.37,2791,50,0,5,984.59,collision,sedan,VIC,23,0
CLM-000782,681.86,1286,71,0,20,1873.31,liability,hatchback,VIC,5,0
CLM-000783,2485.31,3147,27,0,20,1513.58,collision,hatchback,QLD,10,0
CLM-000784,2086.76,458,37,1,15,1394.95,theft,sedan,NSW,11,0
CLM-000785,6105.14,3171,32,0,21,1378.07,liability,suv,QLD,3,0
CLM-000786,4937.29,288,45,0,8,1469.02,collision,hatchback,VIC,15,0
CLM-000787,4825.59,2321,72,0,21,1604.69,windscreen,hatchback,VIC,1,0
CLM-000788,9471.64,3077,25,0,11,1645.53,collision,sedan,QLD,21,0
CLM-000789,2261.84,2260,66,0,1,1881.56,windscreen,suv,QLD,2,0
CLM-000790,8113.71,2841,73,1,18,1430.09,theft,ute,WA,2,0
CLM-000791,1362.19,1254,62,1,20,1928.89,collision,sedan,VIC,4,0
CLM-000792,1325.23,1051,61,1,19,1699.05,collision,suv,NSW,21,0
CLM-000793,5242.53,970,27,1,9,1330.16,collision,sedan,QLD,20,0
CLM-000794,964.34,424,59,0,2,799.77,collision,sedan,VIC,22,0
CLM-000795,4580.55,1012,33,0,12,1378.24,collision,suv,QLD,19,0
CLM-000796,3216.29,902,34,0,19,1864.3,collision,suv,VIC,22,0
CLM-000797,6660.1,2761,75,1,18,1094.16,collision,suv,QLD,11,0
CLM-000798,2850.98,777,59,0,13,1377.21,collision,ute,NSW,0,0
CLM-000799,3108.94,605,84,0,17,1404.52,windscreen,suv,VIC,10,0
CLM-000800,4367.51,2675,48,0,0,1660.9,windscreen,sedan,NSW,5,0
CLM-000801,1813.5,1963,41,0,13,1222.02,windscreen,sedan,VIC,5,0
CLM-000802,1755.21,786,84,0,2,1063.1,collision,sedan,QLD,16,0
CLM-000803,4254.88,2576,59,0,16,1538.1,liability,sedan,VIC,4,0
CLM-000804,2916.19,788,75,0,1,1104.68,theft,sedan,VIC,7,0
CLM-000805,2196.27,2867,20,0,13,744.28,collision,sedan,WA,9,0
CLM-000806,2801.5,117,53,2,20,1957.32,collision,sedan,QLD,1,0
CLM-000807,9856.83,2153,72,0,2,1655.92,theft,ute,VIC,16,0
CLM-000808,2138.24,2178,72,2,9,1971.52,collision,suv,SA,18,1
CLM-000809,2092.23,1360,65,0,0,1638.42,collision,hatchback,VIC,13,0
CLM-000810,828.33,2514,29,1,15,1574.52,liability,ute,QLD,0,0
CLM-000811,2887.76,1385,54,1,20,1471.95,collision,suv,NSW,18,0
CLM-000812,4878.84,2385,24,0,0,1288.61,collision,sedan,NSW,10,0
CLM-000813,5581.14,815,71,1,12,1519.0,liability,suv,VIC,6,0
CLM-000814,3232.99,2075,60,0,17,1167.43,theft,sedan,NSW,22,0
CLM-000815,6105.07,2760,30,2,0,997.15,collision,suv,VIC,20,0
CLM-000816,5158.61,3526,66,1,10,1240.37,liability,suv,NSW,10,0
CLM-000817,6868.58,1315,66,0,2,1776.19,liability,suv,QLD,10,0
CLM-000818,6236.83,1725,21,1,20,943.31,collision,sedan,NSW,21,0
CLM-000819,9676.77,1738,23,1,11,948.55,theft,ute,NSW,4,0
CLM-000820,2624.72,3139,31,0,11,1545.13,collision,hatchback,SA,9,0
CLM-000821,1101.81,3513,22,0,21,1213.02,collision,ute,QLD,13,0
CLM-000822,4903.91,2357,53,1,17,1510.21,theft,suv,SA,8,0
CLM-000823,5353.01,3000,76,0,6,1676.65,collision,suv,VIC,7,0
CLM-000824,9676.9,307,22,0,13,1502.31,theft,sedan,NSW,2,0
CLM-000825,7792.9,2771,59,0,6,1141.36,windscreen,ute,VIC,6,0
CLM-000826,12824.39,2956,46,0,11,1773.37,collision,suv,VIC,8,1
CLM-000827,4745.21,2609,74,1,17,1594.9,theft,sedan,NSW,20,0
CLM-000828,3539.03,2133,50,0,20,1358.85,collision,suv,WA,8,0
CLM-000829,1054.96,3283,62,0,20,1342.88,windscreen,hatchback,QLD,3,1
CLM-000830,3755.86,2385,79,1,10,1473.42,collision,suv,QLD,20,0
CLM-000831,1969.67,3089,27,0,19,1247.05,theft,suv,VIC,8,0
CLM-000832,3493.41,657,39,1,19,811.7,collision,suv,QLD,22,0
CLM-000833,3105.36,2428,36,0,12,1597.55,collision,suv,NSW,2,0
CLM-000834,4246.29,1596,29,0,0,1577.95,theft,suv,SA,0,0
CLM-000835,2771.11,3169,61,1,2,590.65,windscreen,sedan,VIC,22,0
CLM-000836,6010.51,3214,18,1,14,1518.52,collision,suv,NSW,2,0
CLM-000837,386.69,3080,43,0,18,1929.64,windscreen,ute,NSW,0,0
CLM-000838,3437.48,786,26,1,20,977.88,liability,sedan,QLD,15,0
CLM-000839,7345.68,1796,59,0,5,1325.81,collision,ute,SA,7,0
CLM-000840,12119.08,0,68,0,19,1289.95,collision,sedan,WA,11,0
CLM-000841,5161.44,3575,49,1,18,1897.94,collision,ute,QLD,9,1
CLM-000842,10547.69,939,47,1,10,1719.91,windscreen,suv,SA,7,0
CLM-000843,3383.62,2279,48,0,8,1060.12,collision,suv,QLD,11,0
CLM-000844,2987.36,1779,31,0,10,1462.9,collision,suv,VIC,6,0
CLM-000845,4434.02,3301,43,0,14,2109.88,collision,hatchback,QLD,5,0
CLM-000846,2973.83,2997,80,1,17,1143.85,liability,suv,NSW,5,0
CLM-000847,1657.78,2835,20,1,3,1346.32,collision,ute,NSW,2,0
CLM-000848,2025.5,2348,70,0,7,1519.46,theft,ute,VIC,12,0
CLM-000849,1294.51,435,29,0,2,1148.68,collision,sedan,NSW,13,0
CLM-000850,4430.57,3354,25,1,20,1931.86,liability,sedan,SA,0,0
CLM-000851,3006.54,228,37,0,8,1194.02,collision,suv,SA,11,0
CLM-000852,2275.11,1662,36,2,5,891.62,collision,sedan,VIC,17,0
CLM-000853,1948.84,1384,39,1,4,1176.76,windscreen,suv,QLD,0,0
CLM-000854,4353.75,1426,74,0,1,1565.5,liability,suv,VIC,7,0
CLM-000855,5352.59,3566,78,0,10,1086.6,collision,suv,NSW,23,0
CLM-000856,1276.8,844,64,1,16,1449.73,collision,sedan,VIC,10,0
CLM-000857,1134.83,2116,27,1,7,1535.64,windscreen,hatchback,NSW,0,0
CLM-000858,6099.01,795,81,0,8,951.05,windscreen,suv,NSW,12,0
CLM-000859,1062.79,3327,74,0,14,1163.98,collision,ute,NSW,9,1
CLM-000860,4494.52,2686,23,1,7,1465.16,collision,sedan,NSW,5,0
CLM-000861,10023.44,1514,43,0,16,1581.8,windscreen,suv,NSW,1,0
CLM-000862,10040.94,293,69,0,7,1172.2,windscreen,sedan,WA,21,0
CLM-000863,5184.37,557,23,1,9,1400.08,windscreen,ute,NSW,19,0
CLM-000864,5072.59,885,23,0,21,1256.3,collision,suv,NSW,16,0
CLM-000865,16137.98,1482,58,0,18,1590.19,collision,hatchback,VIC,0,0
CLM-000866,517.6,3233,40,0,12,1521.41,liability,suv,VIC,20,0
CLM-000867,2104.32,436,47,1,8,1226.75,windscreen,suv,VIC,11,0
CLM-000868,5632.84,2105,68,1,21,1507.89,windscreen,sedan,NSW,11,0
CLM-000869,2314.7,1267,54,0,10,1213.84,collision,suv,QLD,21,0
CLM-000870,7554.01,170,65,2,7,1500.93,collision,suv,VIC,10,0
CLM-000871,2894.26,2260,26,1,13,1505.53,windscreen,suv,QLD,5,0
CLM-000872,3290.54,2570,18,1,9,2132.45,collision,sedan,VIC,5,0
CLM-000873,2425.99,3502,34,1,19,1239.03,liability,sedan,VIC,22,0
CLM-000874,2014.48,1849,31,0,4,1303.38,collision,sedan,VIC,13,0
CLM-000875,1977.66,1187,39,1,1,1136.41,windscreen,hatchback,NSW,13,0
CLM-000876,3653.26,3119,70,0,9,1009.17,liability,suv,VIC,14,0
CLM-000877,1667.49,902,28,2,20,1199.37,collision,sedan,NSW,5,0
CLM-000878,6093.05,2490,26,3,1,1569.48,collision,hatchback,NSW,10,0
CLM-000879,4865.47,3443,31,0,17,1593.36,theft,sedan,QLD,22,0
CLM-000880,6799.21,16,39,2,0,1447.57,theft,suv,NSW,3,0
CLM-000881,1278.33,3376,31,0,12,1252.4,collision,ute,NSW,22,0
CLM-000882,833.3,750,30,0,9,1187.19,theft,hatchback,QLD,6,0
CLM-000883,2971.61,1757,56,2,3,1047.45,liability,ute,VIC,7,0
CLM-000884,26215.35,941,25,0,16,1166.23,collision,suv,WA,0,1
CLM-000885,7705.25,527,28,0,3,922.61,collision,hatchback,SA,15,0
CLM-000886,1966.8,2563,74,1,9,1798.09,collision,sedan,SA,7,0
CLM-000887,4098.53,1759,19,0,12,1956.26,collision,hatchback,VIC,11,0
CLM-000888,5144.53,1858,22,0,11,711.17,collision,hatchback,NSW,13,0
CLM-000889,1068.18,1765,22,1,0,1445.46,collision,hatchback,QLD,15,0
CLM-000890,8326.67,2728,53,0,9,1439.99,theft,sedan,QLD,22,1
CLM-000891,2629.19,3526,64,0,14,1418.91,collision,sedan,QLD,13,0
CLM-000892,2784.96,1871,64,1,11,1154.39,liability,ute,NSW,4,0
CLM-000893,3034.61,567,64,0,16,1687.43,collision,suv,NSW,16,0
CLM-000894,7033.26,1194,21,0,17,1485.46,collision,suv,NSW,1,0
CLM-000895,1691.91,1810,41,0,3,1691.26,windscreen,hatchback,NSW,20,0
CLM-000896,828.63,378,60,2,17,1106.62,liability,suv,NSW,7,0
CLM-000897,3797.95,836,63,1,19,893.55,collision,sedan,SA,17,0
CLM-000898,643.72,739,40,1,18,1493.52,collision,suv,NSW,3,0
CLM-000899,2378.37,3551,74,0,18,1032.23,collision,sedan,QLD,9,0
CLM-000900,7260.15,1462,73,3,4,1698.02,collision,sedan,SA,16,0
CLM-000901,4602.34,3208,69,2,14,648.21,collision,sedan,VIC,14,0
CLM-000902,6514.38,2012,71,0,10,1195.38,collision,hatchback,VIC,0,0
CLM-000903,4746.98,1847,83,1,21,1146.75,collision,ute,QLD,0,0
CLM-000904,18174.07,3426,71,1,18,1240.32,collision,suv,NSW,23,0
CLM-000905,1917.58,2525,57,0,3,1436.16,liability,suv,VIC,12,0
CLM-000906,4018.24,874,44,0,20,1480.76,theft,ute,WA,20,0
CLM-000907,2146.1,1028,42,1,15,1561.11,collision,hatchback,QLD,1,0
CLM-000908,6109.5,2431,73,1,11,1599.15,collision,hatchback,WA,11,0
CLM-000909,2846.42,8,37,0,9,1293.4,collision,suv,SA,13,0
CLM-000910,10819.81,556,60,1,10,2045.87,collision,hatchback,VIC,22,0
CLM-000911,2001.97,271,51,1,16,1807.74,windscreen,suv,QLD,17,0
CLM-000912,8564.19,2605,43,0,16,1247.04,windscreen,suv,QLD,15,0
CLM-000913,4651.08,1610,48,1,12,1304.83,liability,hatchback,QLD,7,0
CLM-000914,2909.26,41,23,0,21,1240.09,liability,suv,QLD,23,0
CLM-000915,4477.55,2707,65,0,5,1469.89,liability,suv,QLD,7,0
CLM-000916,3626.23,2394,22,2,9,1029.26,liability,sedan,WA,6,0
CLM-000917,3893.12,2623,22,1,13,1089.45,collision,suv,VIC,17,0
CLM-000918,2552.55,595,34,0,3,634.77,collision,suv,QLD,23,0
CLM-000919,1761.3,3193,53,3,10,1218.44,collision,ute,NSW,20,0
CLM-000920,2318.55,658,38,1,18,1701.37,collision,suv,VIC,4,1
CLM-000921,843.57,2083,76,0,14,1299.81,collision,sedan,QLD,19,0
CLM-000922,5605.26,2040,80,1,15,1318.27,windscreen,hatchback,QLD,8,0
CLM-000923,1180.42,798,44,0,3,1441.79,theft,suv,VIC,5,0
CLM-000924,2532.0,1370,84,0,3,1019.26,collision,hatchback,VIC,22,0
CLM-000925,4846.61,190,23,1,9,1358.34,collision,sedan,VIC,22,0
CLM-000926,5594.55,1720,27,1,7,1643.81,collision,suv,NSW,8,0
CLM-000927,787.62,2471,41,0,0,1451.17,collision,suv,NSW,0,0
CLM-000928,2782.52,1127,81,0,12,1672.79,windscreen,hatchback,WA,5,0
CLM-000929,4208.28,1962,51,1,16,1767.16,theft,sedan,NSW,12,0
CLM-000930,3099.55,3480,65,1,16,1568.65,windscreen,hatchback,SA,1,0
CLM-000931,8168.63,856,61,1,2,1114.59,collision,suv,NSW,5,0
CLM-000932,1609.45,1060,51,1,17,1236.44,collision,suv,QLD,3,0
CLM-000933,641.12,437,80,0,8,1987.39,collision,suv,VIC,22,0
CLM-000934,5473.89,1978,81,0,3,1453.68,windscreen,sedan,QLD,8,0
CLM-000935,1992.58,744,48,0,10,1409.72,windscreen,suv,QLD,9,0
CLM-000936,797.19,3118,65,0,4,1066.21,collision,sedan,QLD,10,0
CLM-000937,2646.82,1061,59,1,14,1319.82,liability,suv,WA,0,0
CLM-000938,7501.95,2424,57,1,16,1586.4,collision,suv,VIC,13,0
CLM-000939,1155.81,690,24,1,15,1354.9,liability,suv,NSW,21,0
CLM-000940,17188.52,1178,32,0,2,1178.61,collision,sedan,NSW,19,0
CLM-000941,1590.16,624,84,0,7,1255.16,collision,sedan,QLD,6,0
CLM-000942,3181.98,2016,34,1,10,1743.3,windscreen,sedan,VIC,0,0
CLM-000943,1194.7,101,61,1,21,1570.37,collision,sedan,VIC,18,0
CLM-000944,3075.45,302,79,2,12,1526.23,collision,suv,VIC,20,0
CLM-000945,2696.44,1830,58,1,14,1495.49,collision,sedan,VIC,22,0
CLM-000946,975.43,1991,32,1,7,959.6,collision,hatchback,QLD,13,0
CLM-000947,24819.14,1203,75,1,6,1439.88,windscreen,sedan,QLD,11,1
CLM-000948,2055.96,1574,20,0,17,1702.44,windscreen,sedan,QLD,18,0
CLM-000949,2057.31,1520,66,1,18,1263.9,windscreen,hatchback,QLD,16,0
CLM-000950,6165.82,2766,35,0,1,1672.55,collision,sedan,WA,18,0
CLM-000951,11622.42,1629,60,0,11,1529.92,collision,suv,VIC,6,0
CLM-000952,6938.41,3094,50,1,17,1623.13,collision,hatchback,SA,21,0
CLM-000953,1210.89,792,56,0,3,1366.81,collision,hatchback,NSW,0,0
CLM-000954,3499.7,728,43,2,14,1642.57,collision,ute,QLD,2,0
CLM-000955,727.03,1473,53,0,10,866.66,liability,sedan,QLD,15,0
CLM-000956,5862.19,297,80,0,11,1360.94,liability,suv,VIC,13,0
CLM-000957,874.46,2449,73,1,13,1585.29,windscreen,hatchback,NSW,13,0
CLM-000958,1632.06,1425,46,0,19,1447.78,collision,hatchback,VIC,21,0
CLM-000959,2973.81,1337,81,0,1,1711.56,collision,sedan,VIC,20,0
CLM-000960,4162.02,1949,77,0,4,1298.16,collision,suv,WA,17,0
CLM-000961,2451.12,299,60,0,7,1169.34,collision,sedan,VIC,3,0
CLM-000962,9314.36,1375,57,1,17,809.11,collision,sedan,NSW,2,0
CLM-000963,5127.79,3548,20,0,13,1259.92,collision,ute,VIC,3,0
CLM-000964,4834.55,2294,53,1,4,1520.57,collision,sedan,VIC,14,0
CLM-000965,1185.53,2095,32,0,0,1601.13,liability,suv,NSW,17,0
CLM-000966,10662.9,1845,28,0,21,888.27,collision,sedan,VIC,19,0
CLM-000967,1632.23,1710,75,1,3,1737.86,liability,suv,VIC,2,0
CLM-000968,10972.6,3418,36,1,0,1028.44,collision,sedan,NSW,6,1
CLM-000969,13583.98,3395,59,0,8,1310.02,collision,suv,VIC,8,0
CLM-000970,4378.64,1494,76,0,12,1162.29,collision,sedan,VIC,15,0
CLM-000971,6464.04,3375,58,0,5,1487.69,collision,hatchback,QLD,1,0
CLM-000972,295.25,301,70,0,3,1381.04,collision,sedan,VIC,20,0
CLM-000973,2575.37,1166,69,1,1,1573.73,collision,suv,NSW,1,0
CLM-000974,6813.25,1102,47,0,8,1958.46,liability,sedan,SA,12,0
CLM-000975,5963.32,2545,79,1,20,1481.29,collision,sedan,VIC,22,0
CLM-000976,1194.17,2211,78,0,3,1159.7,theft,sedan,NSW,4,0
CLM-000977,2391.58,1725,40,0,12,1502.15,collision,sedan,WA,16,0
CLM-000978,444.84,934,72,0,4,1991.9,collision,sedan,NSW,13,0
CLM-000979,4063.28,1850,30,2,14,1566.59,collision,suv,QLD,19,0
CLM-000980,725.97,981,25,1,1,1662.08,collision,suv,QLD,14,0
CLM-000981,6959.47,1815,53,2,4,824.12,liability,sedan,SA,20,0
CLM-000982,7237.59,1239,58,1,0,1477.67,windscreen,suv,SA,9,0
CLM-000983,2088.55,3243,57,0,14,1261.55,windscreen,suv,NSW,3,0
CLM-000984,4407.03,2723,71,0,15,1125.56,collision,sedan,QLD,16,0
CLM-000985,2533.04,639,44,1,3,1342.64,collision,suv,NSW,23,0
CLM-000986,3573.97,3431,72,0,9,1385.85,liability,sedan,QLD,10,0
CLM-000987,1260.87,2404,78,0,6,1143.95,collision,sedan,VIC,19,0
CLM-000988,4754.61,1278,24,1,1,1412.19,collision,suv,NSW,21,0
CLM-000989,870.54,1936,48,0,0,1292.75,collision,hatchback,NSW,15,0
CLM-000990,755.63,713,33,0,20,1581.8,windscreen,hatchback,NSW,18,0
CLM-000991,2720.45,170,61,0,14,1425.1,theft,hatchback,NSW,13,0
CLM-000992,2544.19,1535,45,1,14,1474.05,windscreen,suv,NSW,19,0
CLM-000993,3656.37,2854,36,1,6,1673.2,windscreen,sedan,WA,8,0
CLM-000994,1831.46,1284,34,1,5,1533.14,collision,suv,VIC,12,0
CLM-000995,12262.1,1402,41,1,17,1347.99,liability,sedan,QLD,1,0
CLM-000996,3362.55,3613,25,1,9,661.31,collision,sedan,WA,4,0
CLM-000997,3549.85,3603,25,0,2,1519.53,theft,sedan,QLD,13,0
CLM-000998,3456.2,1693,60,0,10,1049.07,collision,suv,VIC,17,0
CLM-000999,6324.48,161,81,0,11,1321.54,liability,suv,WA,0,0
CLM-001000,4591.73,2479,52,0,12,1472.45,collision,sedan,QLD,1,0
CLM-001001,4152.7,2608,80,2,11,1789.9,collision,ute,QLD,0,0
CLM-001002,5177.04,3335,28,1,18,1957.97,collision,suv,WA,12,0
CLM-001003,758.65,3460,83,0,5,1046.0,collision,hatchback,VIC,8,0
CLM-001004,780.44,2296,57,1,12,915.77,collision,sedan,VIC,1,0
CLM-001005,2815.67,391,67,0,19,1457.49,theft,suv,WA,19,0
CLM-001006,2570.21,910,22,0,21,1430.0,collision,sedan,VIC,12,0
CLM-001007,4604.81,2615,58,0,21,953.38,liability,suv,WA,0,0
CLM-001008,3026.05,2217,43,0,15,1344.52,collision,sedan,NSW,16,0
CLM-001009,4611.92,1591,78,0,2,1547.19,windscreen,sedan,NSW,21,0
CLM-001010,1171.22,1466,71,1,21,944.05,collision,suv,VIC,10,0
CLM-001011,2957.03,2589,75,1,0,1021.79,theft,sedan,NSW,22,0
CLM-001012,1090.3,1541,77,0,12,1137.43,theft,sedan,SA,10,0
CLM-001013,3984.41,564,66,1,9,1279.95,collision,hatchback,NSW,1,0
CLM-001014,728.72,3574,34,0,14,1579.01,liability,sedan,QLD,2,0
CLM-001015,3870.86,1275,36,1,17,1242.26,collision,suv,NSW,1,0
CLM-001016,990.54,1016,75,0,16,1368.25,collision,suv,SA,7,0
CLM-001017,2235.8,252,58,1,4,2091.24,theft,sedan,VIC,9,0
CLM-001018,5832.47,1711,77,1,16,1034.42,windscreen,suv,NSW,10,0
CLM-001019,3535.23,3599,71,1,16,1134.51,collision,sedan,NSW,11,0
CLM-001020,867.62,583,58,0,0,1573.77,collision,ute,VIC,20,0
CLM-001021,1800.29,893,28,1,14,1676.05,liability,sedan,SA,0,0
CLM-001022,966.78,651,83,0,2,1486.88,windscreen,sedan,SA,21,0
CLM-001023,836.25,343,34,0,12,1946.96,liability,sedan,VIC,5,0
CLM-001024,3255.98,2202,34,0,5,1454.76,collision,hatchback,VIC,22,0
CLM-001025,4537.92,1088,27,1,7,697.89,theft,ute,NSW,3,0
CLM-001026,4148.3,2741,22,0,5,1382.01,collision,hatchback,VIC,2,0
CLM-001027,4684.29,1462,43,0,18,1161.58,liability,suv,VIC,2,0
CLM-001028,2954.45,2323,74,1,19,1806.66,collision,ute,NSW,7,0
CLM-001029,2428.33,326,76,0,17,1668.33,windscreen,suv,QLD,22,0
CLM-001030,1333.01,1201,50,0,15,825.4,collision,hatchback,WA,11,0
CLM-001031,2142.95,1511,39,0,7,1795.6,collision,suv,NSW,3,0
CLM-001032,1106.53,217,41,0,3,1659.99,windscreen,suv,NSW,15,0
CLM-001033,1581.49,1530,79,1,12,1242.93,collision,suv,NSW,12,0
CLM-001034,3186.55,1716,21,1,9,1324.11,liability,suv,NSW,16,0
CLM-001035,2728.88,1474,21,1,6,1809.42,collision,sedan,NSW,17,0
CLM-001036,29689.42,1840,22,0,5,699.4,theft,suv,QLD,18,1
CLM-001037,1086.43,2909,77,0,3,1496.98,collision,sedan,NSW,3,0
CLM-001038,2713.99,2812,24,2,18,1710.83,collision,hatchback,QLD,11,0
CLM-001039,1024.75,51,81,1,7,1320.72,collision,suv,WA,15,0
CLM-001040,2228.67,2337,30,1,20,1563.81,collision,hatchback,SA,13,1
CLM-001041,2297.74,3299,54,0,14,1384.04,collision,suv,QLD,23,0
CLM-001042,5617.6,3180,83,4,3,1091.27,theft,ute,NSW,23,0
CLM-001043,2127.6,1180,25,1,1,1083.02,theft,sedan,NSW,19,0
CLM-001044,2582.49,2857,36,1,9,1584.94,theft,hatchback,NSW,5,0
CLM-001045,2158.7,2923,66,1,1,1140.22,collision,suv,SA,12,0
CLM-001046,1042.33,1335,72,0,20,846.89,collision,sedan,SA,19,0
CLM-001047,1827.9,3172,78,0,19,1390.39,collision,sedan,VIC,6,0
CLM-001048,2238.47,2307,19,1,14,1180.68,windscreen,sedan,NSW,17,0
CLM-001049,3150.67,2741,70,0,6,954.29,windscreen,suv,VIC,5,0
CLM-001050,4533.32,2727,39,0,19,1373.68,collision,ute,NSW,3,1
CLM-001051,2500.02,2851,55,0,14,1603.2,theft,hatchback,SA,5,0
CLM-001052,2467.27,3492,78,1,7,1356.65,collision,ute,NSW,22,0
CLM-001053,820.07,3129,78,0,19,998.14,collision,suv,VIC,23,0
CLM-001054,4468.47,1541,30,0,4,1509.0,collision,suv,VIC,20,0
CLM-001055,1768.84,2051,49,0,12,1691.6,collision,hatchback,NSW,6,0
CLM-001056,5220.47,2366,37,0,15,2080.3,theft,hatchback,VIC,18,0
CLM-001057,8001.07,3126,59,0,19,1825.81,liability,sedan,WA,5,0
CLM-001058,2589.1,1433,73,0,3,1018.23,collision,hatchback,NSW,3,0
CLM-001059,1383.7,1142,39,0,6,1633.17,collision,suv,VIC,6,0
CLM-001060,2943.86,2693,26,0,18,1434.65,windscreen,hatchback,VIC,3,0
CLM-001061,3872.0,3482,22,1,10,969.81,liability,hatchback,NSW,15,0
CLM-001062,2352.8,3328,21,1,16,1443.65,theft,ute,NSW,16,0
CLM-001063,1952.71,540,42,1,17,1983.16,collision,sedan,NSW,0,0
CLM-001064,4548.94,3355,82,3,6,1744.64,theft,suv,NSW,2,0
CLM-001065,4329.4,2880,34,0,7,1015.56,collision,sedan,VIC,11,0
CLM-001066,2299.12,573,45,2,10,1354.53,liability,ute,WA,2,0
CLM-001067,862.17,23,63,0,0,1512.25,collision,sedan,QLD,19,0
CLM-001068,4197.66,744,62,1,17,779.13,theft,ute,SA,9,0
CLM-001069,1676.57,3392,36,1,2,790.51,collision,hatchback,VIC,9,0
CLM-001070,3500.83,2755,26,1,20,1401.03,collision,sedan,QLD,0,0
CLM-001071,3338.8,2099,28,1,17,1405.33,windscreen,suv,QLD,16,0
CLM-001072,722.91,2303,32,1,7,743.19,theft,suv,NSW,17,0
CLM-001073,3167.86,1508,23,0,1,1478.03,collision,suv,NSW,18,0
CLM-001074,4384.8,3303,48,0,17,1708.7,liability,sedan,VIC,12,0
CLM-001075,4807.17,570,61,0,9,1277.96,windscreen,sedan,QLD,6,0
CLM-001076,3255.25,1145,63,1,4,1369.74,collision,suv,VIC,1,0
CLM-001077,676.62,732,78,0,9,1538.57,collision,suv,NSW,7,0
CLM-001078,7768.33,3095,37,1,19,1494.88,collision,suv,SA,13,0
CLM-001079,4057.28,1971,61,0,15,799.35,theft,sedan,NSW,2,0
CLM-001080,1208.95,2495,77,1,15,1051.31,collision,suv,SA,1,0
CLM-001081,1651.07,3355,19,1,11,1219.37,collision,suv,WA,5,0
CLM-001082,3545.44,713,70,0,3,1065.93,liability,sedan,WA,1,0
CLM-001083,4963.36,3520,23,1,20,1834.1,liability,ute,QLD,0,0
CLM-001084,2067.36,461,54,0,16,1559.38,windscreen,sedan,NSW,11,0
CLM-001085,5536.65,2753,73,1,11,983.79,liability,suv,QLD,17,0
CLM-001086,776.99,2564,48,0,15,1279.27,windscreen,hatchback,QLD,11,0
CLM-001087,1363.97,3012,55,1,7,1723.03,windscreen,suv,QLD,2,0
CLM-001088,633.8,578,59,0,16,1136.74,windscreen,suv,NSW,8,0
CLM-001089,1520.73,3503,56,0,21,1631.02,collision,sedan,NSW,0,0
CLM-001090,9237.79,2899,67,1,7,1806.45,collision,sedan,NSW,14,0
CLM-001091,13951.63,403,75,0,0,1751.33,collision,sedan,VIC,5,0
CLM-001092,3554.4,2033,27,0,16,1409.53,theft,ute,VIC,9,0
CLM-001093,1846.74,2983,45,1,18,1762.84,collision,hatchback,WA,21,1
CLM-001094,2524.43,1740,75,0,18,1177.66,collision,sedan,QLD,14,0
CLM-001095,4251.41,1390,43,0,21,2170.34,theft,sedan,QLD,18,0
CLM-001096,923.12,1005,50,1,7,1429.48,collision,suv,NSW,8,0
CLM-001097,1940.35,1883,67,1,20,1728.44,collision,suv,VIC,22,0
CLM-001098,8744.41,3591,80,0,4,1230.54,windscreen,suv,VIC,17,0
CLM-001099,1360.65,2217,34,0,12,1514.81,windscreen,ute,NSW,12,0
CLM-001100,1699.74,2635,82,0,19,1529.34,collision,hatchback,NSW,13,0
CLM-001101,3010.6,2845,65,0,20,1043.48,collision,sedan,VIC,14,0
CLM-001102,3686.22,2839,20,1,13,1033.71,collision,suv,NSW,3,0
CLM-001103,1865.43,1461,75,1,12,1282.51,windscreen,suv,VIC,6,0
CLM-001104,3158.09,2805,43,0,10,1714.76,windscreen,sedan,NSW,16,0
CLM-001105,4702.99,1197,36,1,19,745.63,collision,hatchback,NSW,10,0
CLM-001106,12979.01,2131,53,0,19,1230.26,windscreen,sedan,NSW,18,0
CLM-001107,2711.66,1103,56,0,5,1782.26,collision,ute,QLD,12,0
CLM-001108,2890.04,3429,54,1,2,943.4,collision,ute,VIC,1,0
CLM-001109,9373.01,2665,21,0,17,1763.79,liability,hatchback,VIC,15,0
CLM-001110,1974.61,2130,73,0,17,977.83,collision,suv,NSW,14,0
CLM-001111,1104.04,1648,40,0,2,1047.54,collision,suv,SA,8,0
CLM-001112,3596.39,1898,27,0,10,1301.42,collision,hatchback,VIC,18,0
CLM-001113,6681.72,2846,55,1,11,1968.24,theft,ute,QLD,8,0
CLM-001114,3908.02,999,59,1,0,1138.8,liability,suv,VIC,2,0
CLM-001115,2771.76,3023,24,0,14,778.12,liability,ute,WA,2,0
CLM-001116,1005.97,1028,81,0,21,887.36,collision,sedan,WA,21,0
CLM-001117,2853.28,516,58,0,4,1657.54,collision,suv,VIC,9,0
CLM-001118,7516.58,2689,84,1,17,902.94,windscreen,hatchback,QLD,9,0
CLM-001119,1181.35,2585,62,1,1,1742.03,collision,sedan,NSW,7,0
CLM-001120,2481.06,1221,18,2,4,1373.03,liability,suv,QLD,17,0
CLM-001121,2229.17,2368,31,2,12,1339.35,theft,hatchback,VIC,14,0
CLM-001122,1766.44,2659,83,0,20,1448.11,collision,ute,NSW,21,0
CLM-001123,3590.12,2875,55,0,19,1085.7,windscreen,hatchback,SA,21,0
CLM-001124,4156.71,3477,26,1,20,1395.5,collision,suv,WA,23,0
CLM-001125,4124.17,3118,22,1,21,956.29,collision,hatchback,NSW,7,0
CLM-001126,1432.81,1603,53,1,17,1795.13,collision,sedan,SA,14,0
CLM-001127,867.41,840,57,1,7,1010.99,collision,suv,NSW,8,0
CLM-001128,3629.29,355,34,0,2,1494.83,theft,suv,VIC,16,0
CLM-001129,2039.71,2094,31,1,18,1008.53,theft,ute,WA,17,0
CLM-001130,11834.03,2432,58,0,4,1174.04,liability,hatchback,NSW,6,0
CLM-001131,12251.24,2521,47,2,11,1226.64,liability,ute,VIC,20,0
CLM-001132,13266.77,34,20,1,16,2333.84,collision,suv,QLD,6,0
CLM-001133,1472.79,2559,21,0,0,1345.23,collision,suv,NSW,23,0
CLM-001134,4568.9,2872,33,1,20,1078.9,windscreen,suv,VIC,20,0
CLM-001135,5728.53,2634,55,0,6,1203.3,liability,suv,NSW,0,0
CLM-001136,5264.63,1918,38,0,4,853.46,collision,sedan,QLD,9,0
CLM-001137,2285.18,55,19,1,8,1296.28,collision,suv,NSW,9,0
CLM-001138,7780.48,1787,79,0,10,1960.86,collision,hatchback,NSW,19,0
CLM-001139,2982.02,2353,64,2,9,1460.89,collision,ute,QLD,17,0
CLM-001140,3281.58,2078,57,1,3,1648.12,theft,ute,NSW,1,0
CLM-001141,940.7,2097,34,0,4,1049.72,collision,suv,VIC,20,0
CLM-001142,4834.7,1884,65,0,10,1282.9,windscreen,suv,QLD,5,0
CLM-001143,2452.08,2014,81,0,4,1417.29,windscreen,sedan,QLD,8,0
CLM-001144,4224.2,1181,63,1,14,1110.65,windscreen,suv,NSW,4,0
CLM-001145,3555.8,2208,37,1,19,1482.0,collision,suv,WA,3,0
CLM-001146,3414.21,1027,44,0,0,1553.09,collision,sedan,QLD,12,0
CLM-001147,2880.49,1793,80,0,0,1529.14,windscreen,sedan,VIC,2,0
CLM-001148,5377.34,1515,18,0,14,1300.14,windscreen,ute,QLD,1,0
CLM-001149,2567.87,2606,32,2,0,1710.0,collision,suv,QLD,18,0
CLM-001150,1000.85,3266,25,1,14,1264.99,liability,suv,QLD,8,0
CLM-001151,4567.48,2311,60,0,10,1234.89,collision,sedan,VIC,15,0
CLM-001152,1624.97,494,48,0,10,1825.71,windscreen,suv,QLD,23,0
CLM-001153,1104.12,2436,26,1,13,984.7,collision,suv,SA,1,0
CLM-001154,1384.81,1185,81,0,19,788.02,collision,suv,VIC,19,1
CLM-001155,3686.75,180,54,1,2,1063.62,collision,suv,WA,2,0
CLM-001156,2772.79,701,34,0,2,1477.79,collision,sedan,QLD,18,0
CLM-001157,602.14,3647,81,0,15,1773.59,collision,hatchback,WA,7,0
CLM-001158,2235.58,1559,64,0,1,1132.03,collision,sedan,SA,3,0
CLM-001159,7164.71,736,26,0,9,1948.9,collision,suv,NSW,5,0
CLM-001160,2125.0,487,73,2,10,1358.98,windscreen,sedan,NSW,8,0
CLM-001161,2633.04,2373,21,2,8,1311.88,collision,suv,VIC,17,0
CLM-001162,6517.48,2776,78,2,11,1069.52,theft,sedan,VIC,16,0
CLM-001163,5413.32,1288,44,0,2,1993.95,windscreen,hatchback,VIC,17,0
CLM-001164,6414.48,377,37,0,5,1300.4,collision,suv,QLD,0,0
CLM-001165,372.63,1294,21,0,0,910.44,collision,suv,SA,23,0
CLM-001166,10939.58,2428,80,2,21,2161.03,windscreen,sedan,VIC,10,0
CLM-001167,4804.46,416,55,2,18,1479.91,windscreen,sedan,QLD,2,0
CLM-001168,18884.7,977,58,1,5,1613.61,collision,suv,NSW,22,0
CLM-001169,1657.81,7,74,0,0,1904.91,windscreen,suv,VIC,19,1
CLM-001170,794.26,1723,52,0,5,1552.77,collision,suv,NSW,1,0
CLM-001171,2997.14,622,37,1,21,1671.71,collision,hatchback,VIC,10,0
CLM-001172,2424.72,729,70,0,17,1367.93,windscreen,ute,VIC,21,0
CLM-001173,4867.07,412,53,2,14,1592.13,collision,hatchback,QLD,16,0
CLM-001174,6675.48,2665,33,0,20,1338.73,windscreen,sedan,QLD,4,0
CLM-001175,2792.04,1786,74,2,3,1343.33,collision,ute,VIC,16,0
CLM-001176,2488.58,3461,72,0,11,1389.51,windscreen,suv,NSW,4,0
CLM-001177,4411.81,1441,34,0,17,1219.05,collision,suv,NSW,8,0
CLM-001178,2459.6,809,61,1,0,1516.44,collision,hatchback,SA,4,0
CLM-001179,2310.02,744,79,1,9,1515.61,collision,suv,SA,16,0
CLM-001180,6488.92,3479,71,1,7,1620.24,collision,hatchback,NSW,22,0
CLM-001181,7668.17,2152,31,1,3,1561.07,windscreen,ute,NSW,1,0
CLM-001182,6720.88,1187,75,0,4,2010.01,collision,sedan,VIC,14,0
CLM-001183,2627.6,2387,21,0,21,1697.37,collision,ute,QLD,5,0
CLM-001184,598.94,2036,59,0,11,1281.61,collision,suv,VIC,18,0
CLM-001185,2667.36,418,52,0,1,1499.51,collision,hatchback,NSW,3,0
CLM-001186,1688.36,2560,20,2,15,1816.19,windscreen,hatchback,VIC,8,0
CLM-001187,2704.59,435,66,0,13,1036.51,collision,sedan,NSW,4,0
CLM-001188,1802.05,727,37,0,8,2014.7,liability,sedan,NSW,20,0
CLM-001189,2934.95,2603,75,1,8,1094.37,collision,sedan,NSW,1,0
CLM-001190,1367.23,1623,76,0,11,1647.09,theft,suv,QLD,13,0
CLM-001191,1140.77,810,57,0,20,1352.18,collision,sedan,VIC,2,0
CLM-001192,7457.82,247,60,0,16,1333.19,collision,ute,NSW,14,1
CLM-001193,1440.52,2166,21,1,8,920.04,windscreen,suv,VIC,18,0
CLM-001194,2981.7,2544,77,0,5,1649.48,liability,hatchback,VIC,18,0
CLM-001195,6099.04,741,63,1,2,924.84,windscreen,sedan,QLD,0,0
CLM-001196,5917.85,1520,43,1,4,873.89,collision,suv,SA,18,0
CLM-001197,5410.71,1256,23,2,3,1732.7,collision,sedan,NSW,7,1
CLM-001198,3741.16,3254,51,1,17,1940.57,theft,hatchback,WA,16,0
CLM-001199,5130.73,2886,78,0,12,1129.81,collision,sedan,QLD,23,0
CLM-001200,8348.32,1000,75,1,0,1681.03,windscreen,sedan,QLD,2,0
CLM-001201,4100.1,1874,24,0,20,1612.85,collision,sedan,VIC,8,0
CLM-001202,751.52,3371,69,0,3,1319.8,collision,hatchback,VIC,20,0
CLM-001203,2005.4,1261,23,0,14,1790.82,windscreen,sedan,NSW,3,0
CLM-001204,5025.49,514,43,1,0,1296.0,windscreen,suv,SA,6,0
CLM-001205,1862.51,1088,47,0,12,1520.79,collision,ute,QLD,13,0
CLM-001206,10047.5,2215,19,1,12,936.26,collision,ute,VIC,23,0
CLM-001207,2843.0,3621,27,2,19,950.36,theft,sedan,VIC,7,0
CLM-001208,3177.78,1123,76,0,13,1735.78,collision,sedan,NSW,9,0
CLM-001209,6929.61,213,60,0,10,1531.9,collision,suv,NSW,19,0
CLM-001210,2598.95,663,70,0,11,1302.99,collision,sedan,QLD,2,0
CLM-001211,3402.3,1505,56,2,13,1979.59,windscreen,ute,VIC,7,0
CLM-001212,5850.85,342,48,0,9,1976.11,windscreen,suv,QLD,7,0
CLM-001213,988.11,127,19,0,15,1494.93,collision,suv,QLD,9,0
CLM-001214,2406.74,2393,54,0,11,869.63,collision,sedan,QLD,13,0
CLM-001215,5551.73,3008,69,0,21,1313.17,collision,suv,WA,5,0
CLM-001216,3131.29,851,31,0,4,1075.25,collision,sedan,NSW,9,0
CLM-001217,8959.77,1907,50,1,16,1379.54,collision,ute,QLD,22,0
CLM-001218,914.21,2090,45,1,18,1041.02,collision,sedan,QLD,19,0
CLM-001219,839.24,2436,76,0,15,955.25,theft,hatchback,NSW,22,0
CLM-001220,5309.56,3574,28,1,21,603.34,collision,ute,NSW,16,0
CLM-001221,5706.47,3231,25,0,9,1405.19,collision,sedan,NSW,13,0
CLM-001222,2578.76,1153,32,1,11,591.41,collision,sedan,NSW,5,0
CLM-001223,4025.06,3561,28,0,3,1244.32,liability,suv,VIC,3,0
CLM-001224,5212.97,127,74,2,8,1579.15,theft,sedan,NSW,12,0
CLM-001225,1619.06,3510,35,2,3,1111.71,collision,sedan,QLD,9,0
CLM-001226,1754.37,521,42,0,17,992.01,liability,hatchback,NSW,18,0
CLM-001227,3436.8,416,35,0,17,1327.61,collision,suv,NSW,0,0
CLM-001228,5872.68,435,72,1,4,1076.56,collision,sedan,NSW,21,0
CLM-001229,1243.31,445,62,0,17,1411.27,liability,suv,NSW,4,0
CLM-001230,2569.69,1690,49,0,7,1009.17,collision,sedan,SA,9,0
CLM-001231,2482.01,2336,71,0,16,1315.52,collision,hatchback,NSW,8,0
CLM-001232,4078.44,2717,22,0,20,1235.68,theft,sedan,NSW,22,0
CLM-001233,2961.57,57,63,1,18,1346.2,collision,ute,NSW,17,0
CLM-001234,1979.48,1082,42,0,4,1889.6,theft,ute,VIC,0,0
CLM-001235,7603.96,483,43,0,3,1415.94,collision,sedan,QLD,20,0
CLM-001236,1989.34,532,28,1,2,1516.47,collision,sedan,QLD,16,0
CLM-001237,2394.5,2724,24,1,18,1143.82,collision,suv,VIC,1,0
CLM-001238,903.59,2338,64,1,12,1423.67,collision,hatchback,QLD,18,0
CLM-001239,1745.47,766,74,1,3,1259.31,collision,suv,VIC,0,0
CLM-001240,4389.88,1099,79,1,12,1359.79,collision,suv,WA,10,0
CLM-001241,3791.25,3376,34,0,11,1564.15,windscreen,ute,VIC,3,0
CLM-001242,4673.38,2099,69,1,13,1184.92,collision,hatchback,NSW,0,0
CLM-001243,4506.32,871,25,1,13,1218.65,collision,suv,QLD,13,0
CLM-001244,14268.16,3408,70,1,3,1189.48,collision,suv,WA,16,0
CLM-001245,1701.23,724,55,2,8,1183.11,collision,ute,VIC,11,0
CLM-001246,884.86,1063,75,0,15,1407.17,collision,sedan,SA,8,0
CLM-001247,1355.72,2528,22,0,20,1229.89,theft,hatchback,WA,12,0
CLM-001248,1758.58,1870,70,0,5,1844.33,collision,sedan,NSW,3,0
CLM-001249,1435.48,252,49,1,12,2234.12,liability,sedan,QLD,1,0
CLM-001250,3197.89,2944,56,1,20,1162.58,liability,hatchback,QLD,3,0
CLM-001251,7627.32,832,54,0,13,1447.02,collision,suv,VIC,1,0
CLM-001252,9459.21,2524,65,1,5,1692.54,collision,sedan,VIC,18,0
CLM-001253,4351.31,1220,58,1,12,1262.3,collision,sedan,WA,14,0
CLM-001254,14852.96,2742,45,0,0,1021.85,theft,suv,QLD,4,0
CLM-001255,2281.8,3278,47,0,10,1923.6,collision,hatchback,VIC,13,0
CLM-001256,876.21,2819,22,1,12,1576.43,windscreen,sedan,NSW,11,0
CLM-001257,6567.47,3362,66,1,1,1455.17,windscreen,sedan,VIC,2,0
CLM-001258,750.74,1970,65,0,4,1828.67,windscreen,suv,WA,23,0
CLM-001259,1692.14,237,55,0,21,1604.18,collision,hatchback,QLD,22,0
CLM-001260,4403.19,1956,66,0,13,1334.18,liability,sedan,NSW,18,0
CLM-001261,2760.63,1683,36,1,10,1027.71,collision,hatchback,WA,19,0
CLM-001262,2583.2,2623,32,0,5,1187.2,collision,hatchback,WA,13,0
CLM-001263,1229.55,907,79,0,2,1747.59,collision,sedan,VIC,19,0
CLM-001264,2956.9,2546,81,0,9,1575.09,liability,hatchback,NSW,12,0
CLM-001265,6328.05,1612,75,1,12,1288.4,collision,ute,VIC,3,1
CLM-001266,3025.94,2445,21,0,3,1932.97,windscreen,suv,NSW,4,0
CLM-001267,1599.31,1532,54,0,17,1298.12,collision,suv,NSW,20,1
CLM-001268,1169.52,1394,67,1,9,1675.88,liability,hatchback,QLD,10,0
CLM-001269,1624.25,782,20,0,1,1422.61,collision,ute,WA,17,1
CLM-001270,4000.8,3024,82,0,3,1987.87,collision,ute,VIC,3,0
CLM-001271,3857.22,250,70,1,18,1598.51,liability,hatchback,WA,10,0
CLM-001272,1635.36,862,38,0,7,1365.23,collision,suv,WA,2,0
CLM-001273,567.89,1557,51,0,8,1291.0,collision,hatchback,NSW,5,0
CLM-001274,4084.72,568,79,0,4,1344.93,theft,hatchback,NSW,2,0
CLM-001275,1520.39,3346,75,0,17,1110.62,collision,sedan,QLD,4,0
CLM-001276,4998.02,1259,73,0,17,898.99,collision,sedan,QLD,14,0
CLM-001277,1690.73,884,83,0,5,1451.88,collision,suv,VIC,0,0
CLM-001278,1420.94,926,67,0,16,1173.94,collision,hatchback,QLD,4,0
CLM-001279,3343.85,699,80,0,9,1173.06,windscreen,sedan,QLD,16,0
CLM-001280,17470.59,2420,81,0,3,1320.68,theft,ute,QLD,3,0
CLM-001281,5227.94,1756,19,0,17,1367.23,collision,sedan,QLD,13,0
CLM-001282,3301.61,843,61,1,1,1352.43,collision,suv,NSW,20,0
CLM-001283,3901.59,3187,40,1,19,1923.64,collision,suv,NSW,18,0
CLM-001284,801.64,2396,51,0,0,1568.59,theft,sedan,NSW,2,0
CLM-001285,1284.65,1470,29,0,7,2045.58,liability,hatchback,SA,3,0
CLM-001286,453.41,1873,63,1,4,1205.13,liability,sedan,WA,16,0
CLM-001287,10909.68,2395,73,0,5,1608.63,collision,hatchback,QLD,8,0
CLM-001288,9372.54,556,45,1,10,1223.47,collision,sedan,NSW,10,0
CLM-001289,4002.26,2950,64,0,16,1164.83,collision,hatchback,VIC,11,0
CLM-001290,3298.87,943,39,0,8,2058.03,collision,suv,NSW,13,0
CLM-001291,931.04,107,68,1,11,1096.51,collision,sedan,VIC,10,0
CLM-001292,2528.86,1904,23,0,21,613.53,theft,sedan,NSW,0,0
CLM-001293,11433.4,3198,76,1,10,1116.38,collision,sedan,WA,2,1
CLM-001294,3289.73,2675,43,0,17,687.25,collision,suv,NSW,0,0
CLM-001295,1951.82,1125,51,3,8,1036.06,collision,hatchback,QLD,6,0
CLM-001296,797.47,1453,71,0,1,1066.64,collision,suv,SA,19,0
CLM-001297,8393.64,2175,20,0,5,1361.64,collision,suv,QLD,23,0
CLM-001298,2828.32,849,81,0,3,673.63,collision,suv,NSW,11,0
CLM-001299,798.27,2993,59,0,19,1744.66,windscreen,suv,WA,0,0
CLM-001300,1490.4,1077,83,0,0,731.0,collision,ute,QLD,1,0
CLM-001301,1143.5,790,54,0,18,1307.84,collision,suv,VIC,19,0
CLM-001302,2700.5,347,31,0,3,1243.03,collision,ute,QLD,8,0
CLM-001303,3482.49,2530,57,1,3,1622.37,windscreen,hatchback,WA,21,0
CLM-001304,2043.84,91,56,0,11,1466.01,collision,suv,VIC,12,0
CLM-001305,5338.95,2939,79,1,1,1741.67,windscreen,sedan,VIC,21,0
CLM-001306,3162.45,3551,56,0,1,1230.72,liability,sedan,VIC,3,0
CLM-001307,6612.61,405,45,1,17,1196.63,theft,suv,NSW,20,0
CLM-001308,2280.4,351,29,1,1,1486.22,theft,suv,QLD,13,0
CLM-001309,29260.51,3410,39,0,13,1689.64,collision,hatchback,NSW,10,0
CLM-001310,1952.05,455,56,1,2,1622.27,liability,suv,VIC,12,0
CLM-001311,1513.99,1487,42,1,1,1456.2,collision,suv,VIC,7,0
CLM-001312,1380.6,3179,42,2,14,1426.78,liability,ute,NSW,14,0
CLM-001313,2544.77,507,18,2,8,1338.02,collision,sedan,VIC,18,0
CLM-001314,820.86,2421,81,1,0,1485.28,collision,hatchback,QLD,19,0
CLM-001315,3717.93,1396,74,1,14,2021.53,collision,sedan,NSW,23,0
CLM-001316,714.1,1591,35,0,21,1269.95,theft,suv,NSW,9,0
CLM-001317,3365.24,3398,27,1,12,1229.72,collision,hatchback,WA,18,0
CLM-001318,1081.99,2368,73,1,8,1204.45,collision,ute,SA,21,0
CLM-001319,2239.55,1165,74,0,18,1478.49,windscreen,hatchback,VIC,0,0
CLM-001320,4691.02,3412,78,0,7,649.82,windscreen,suv,NSW,11,0
CLM-001321,16781.43,2119,54,1,13,1305.43,collision,hatchback,NSW,16,0
CLM-001322,1328.09,362,67,1,10,1640.61,collision,suv,NSW,10,0
CLM-001323,2663.14,1433,66,1,15,1176.34,collision,suv,VIC,2,0
CLM-001324,1732.26,889,32,0,11,1411.61,windscreen,sedan,SA,15,0
CLM-001325,1552.46,2344,53,1,10,2046.08,collision,sedan,QLD,9,0
CLM-001326,1743.71,3140,35,0,9,1459.43,windscreen,suv,VIC,14,0
CLM-001327,5530.59,142,68,1,6,611.06,collision,sedan,SA,0,0
CLM-001328,2067.22,2849,83,0,10,884.74,collision,ute,VIC,0,0
CLM-001329,16106.6,3344,23,1,1,1267.17,collision,hatchback,NSW,14,0
CLM-001330,4072.39,3629,23,0,7,1084.74,collision,hatchback,VIC,23,0
CLM-001331,1397.57,2413,35,0,1,1384.12,windscreen,sedan,NSW,15,0
CLM-001332,2264.19,1145,25,2,7,1252.79,collision,hatchback,WA,22,0
CLM-001333,1633.72,530,18,1,7,1734.8,collision,sedan,VIC,20,0
CLM-001334,5431.94,3448,83,1,0,989.86,liability,suv,QLD,6,0
CLM-001335,872.11,1505,57,2,6,1281.53,liability,hatchback,VIC,2,0
CLM-001336,1090.39,1254,70,1,14,1421.7,windscreen,sedan,WA,13,0
CLM-001337,1912.83,2678,55,0,21,1462.57,collision,sedan,QLD,14,0
CLM-001338,4975.15,2610,68,2,13,1398.45,theft,sedan,VIC,18,0
CLM-001339,7516.04,2954,63,0,15,554.28,windscreen,suv,NSW,12,0
CLM-001340,8395.13,3222,28,1,14,1377.49,collision,hatchback,WA,22,0
CLM-001341,4435.3,3201,28,0,20,1300.25,collision,sedan,VIC,20,0
CLM-001342,2801.28,623,50,1,20,1635.16,windscreen,sedan,NSW,14,0
CLM-001343,5409.81,619,42,0,2,1588.58,collision,suv,WA,13,0
CLM-001344,1263.48,750,74,0,10,1429.48,collision,sedan,NSW,0,0
CLM-001345,747.33,2289,38,1,19,1453.34,liability,ute,NSW,18,0
CLM-001346,4135.97,2120,40,2,19,1796.29,theft,hatchback,VIC,16,0
CLM-001347,1402.12,3128,53,3,11,1729.6,collision,ute,VIC,21,0
CLM-001348,2838.47,3079,30,0,9,1440.86,collision,hatchback,VIC,2,0
CLM-001349,3260.78,2968,75,3,1,2057.99,collision,suv,NSW,3,0
CLM-001350,3590.65,288,18,0,10,1142.7,collision,hatchback,NSW,16,0
CLM-001351,6023.02,2538,74,0,11,958.8,windscreen,sedan,NSW,11,0
CLM-001352,5563.91,3105,59,2,13,1346.42,windscreen,sedan,NSW,14,0
CLM-001353,3450.42,3585,77,0,11,1226.64,collision,suv,SA,10,1
CLM-001354,2139.84,1252,37,1,4,536.44,collision,sedan,VIC,15,0
CLM-001355,3231.89,2834,78,0,21,1134.71,windscreen,hatchback,VIC,15,0
CLM-001356,1906.15,1482,75,0,4,1463.38,collision,ute,VIC,4,0
CLM-001357,2572.62,586,48,0,8,1330.85,collision,hatchback,QLD,18,0
CLM-001358,21239.76,1240,36,1,11,1093.77,collision,sedan,NSW,11,0
CLM-001359,3417.42,916,31,0,6,1363.97,theft,suv,NSW,13,0
CLM-001360,4178.4,3326,28,0,1,1390.61,collision,ute,QLD,14,0
CLM-001361,1756.17,641,57,0,13,1585.97,theft,sedan,VIC,17,0
CLM-001362,6406.41,477,82,1,5,1138.3,collision,suv,QLD,7,0
CLM-001363,5272.21,2116,55,0,19,1638.37,theft,suv,WA,0,0
CLM-001364,5300.28,2096,82,0,17,990.09,collision,hatchback,WA,4,0
CLM-001365,3502.28,2048,68,1,9,1183.89,collision,ute,NSW,23,0
CLM-001366,6474.6,540,63,0,10,1910.67,collision,sedan,NSW,5,0
CLM-001367,7736.96,1819,66,0,20,1012.12,collision,suv,NSW,5,0
CLM-001368,3686.1,3389,80,0,0,1132.61,collision,suv,QLD,20,0
CLM-001369,2735.42,327,75,0,8,936.47,collision,sedan,WA,5,0
CLM-001370,5830.91,2912,28,0,1,1077.0,collision,suv,SA,11,0
CLM-001371,1513.09,459,57,1,3,1395.66,collision,sedan,NSW,8,0
CLM-001372,1739.81,853,48,0,20,1583.16,liability,sedan,WA,15,0
CLM-001373,2864.14,3278,76,1,2,1343.85,collision,suv,VIC,14,0
CLM-001374,807.53,1086,31,0,21,1242.85,windscreen,sedan,WA,12,1
CLM-001375,5545.25,1906,72,0,17,939.88,liability,suv,VIC,12,0
CLM-001376,1447.82,1392,50,0,14,1110.05,collision,sedan,NSW,20,0
CLM-001377,2093.06,2242,80,0,16,839.81,theft,ute,NSW,13,0
CLM-001378,2540.31,1479,71,1,4,1593.06,windscreen,sedan,SA,12,0
CLM-001379,3070.1,1619,41,2,2,1616.0,theft,hatchback,VIC,21,0
CLM-001380,2303.67,2983,74,1,8,1336.65,collision,sedan,VIC,2,0
CLM-001381,2834.08,2022,30,0,16,1495.68,collision,suv,VIC,20,0
CLM-001382,2850.58,2060,18,1,6,1639.16,collision,suv,VIC,4,0
CLM-001383,2131.81,2940,51,1,3,1383.4,collision,sedan,SA,7,0
CLM-001384,1669.21,1562,44,0,17,1809.89,liability,suv,NSW,0,0
CLM-001385,6708.33,3006,26,0,13,1012.15,liability,hatchback,NSW,13,0
CLM-001386,615.05,2625,84,1,11,1234.94,collision,hatchback,QLD,19,0
CLM-001387,2554.76,3225,20,0,9,1195.65,windscreen,sedan,VIC,9,0
CLM-001388,2097.13,1671,57,0,17,1563.59,collision,sedan,NSW,15,0
CLM-001389,4080.98,2039,35,0,16,876.73,liability,ute,NSW,9,0
CLM-001390,1001.53,468,37,1,7,1827.83,collision,suv,NSW,18,0
CLM-001391,2049.11,406,32,0,2,1535.39,liability,sedan,NSW,23,0
CLM-001392,2760.67,392,44,1,19,1927.6,windscreen,ute,NSW,17,0
CLM-001393,6651.22,2310,62,2,3,1336.61,collision,suv,NSW,8,0
CLM-001394,3824.33,1189,39,0,9,1168.39,collision,suv,QLD,19,0
CLM-001395,1227.07,1054,66,1,19,1566.85,windscreen,suv,WA,0,0
CLM-001396,2068.11,2200,47,1,9,1690.09,collision,suv,WA,23,0
CLM-001397,5793.77,1454,70,2,18,1114.24,collision,sedan,VIC,20,0
CLM-001398,1211.26,492,47,0,10,690.79,liability,ute,NSW,15,0
CLM-001399,2810.22,2034,42,3,16,747.33,collision,sedan,SA,14,0
CLM-001400,2960.64,2007,51,0,13,1436.26,collision,ute,QLD,6,0
CLM-001401,2232.02,509,64,0,6,1858.26,collision,ute,VIC,10,0
CLM-001402,22512.23,984,49,0,19,920.72,collision,ute,NSW,2,1
CLM-001403,2187.36,866,78,1,10,1260.12,liability,sedan,NSW,8,0
CLM-001404,4176.9,2538,52,0,10,1235.01,collision,sedan,VIC,14,0
CLM-001405,1677.86,909,37,1,14,1983.78,collision,suv,VIC,8,0
CLM-001406,4428.48,103,19,1,20,2095.37,collision,suv,NSW,18,0
CLM-001407,5727.82,973,44,0,19,1490.07,liability,hatchback,SA,20,0
CLM-001408,1917.98,1711,21,0,8,1646.34,collision,suv,VIC,13,0
CLM-001409,2861.13,2808,20,1,5,1637.17,windscreen,hatchback,VIC,8,0
CLM-001410,1523.16,190,42,0,7,927.49,windscreen,sedan,NSW,7,0
CLM-001411,1263.57,3216,37,0,5,1580.51,windscreen,suv,QLD,13,0
CLM-001412,6487.27,1206,77,1,6,1013.53,liability,sedan,QLD,17,0
CLM-001413,1967.46,1250,66,1,9,1293.39,windscreen,ute,NSW,3,0
CLM-001414,487.74,56,70,2,0,1726.11,liability,sedan,VIC,10,0
CLM-001415,11203.9,1008,54,1,11,1376.71,collision,sedan,QLD,10,0
CLM-001416,1633.42,1712,25,1,18,1713.82,windscreen,ute,WA,6,0
CLM-001417,2478.03,2285,75,0,9,1778.76,collision,suv,NSW,5,0
CLM-001418,10205.48,2799,51,1,1,770.21,collision,sedan,WA,20,0
CLM-001419,2680.33,1907,46,3,8,631.36,liability,sedan,VIC,10,0
CLM-001420,2637.26,365,58,1,7,1733.49,liability,suv,NSW,13,0
CLM-001421,1186.63,1428,28,0,13,1746.79,windscreen,sedan,NSW,0,0
CLM-001422,874.69,2683,50,1,5,1434.68,collision,sedan,NSW,6,0
CLM-001423,2631.24,2334,58,0,6,1479.43,collision,suv,NSW,5,0
CLM-001424,3913.19,2132,64,0,16,1644.71,collision,sedan,VIC,7,0
CLM-001425,3748.62,1855,51,2,3,1638.55,collision,suv,QLD,20,0
CLM-001426,2077.78,1841,84,0,20,1249.62,collision,suv,NSW,13,0
CLM-001427,3026.59,3624,84,1,6,1665.43,collision,sedan,SA,21,0
CLM-001428,751.52,2188,24,3,17,1235.66,collision,sedan,NSW,10,0
CLM-001429,4209.61,2179,23,2,1,1430.37,windscreen,sedan,VIC,18,0
CLM-001430,3364.57,1226,52,1,7,1416.01,collision,sedan,SA,3,0
CLM-001431,13098.4,1788,73,2,8,1066.39,liability,sedan,WA,19,0
CLM-001432,2997.73,2592,52,0,10,1104.81,theft,hatchback,QLD,14,0
CLM-001433,1469.97,3131,32,0,2,2087.26,collision,hatchback,QLD,0,0
CLM-001434,2869.69,2845,55,0,5,1055.68,collision,suv,NSW,16,0
CLM-001435,2331.23,2417,81,1,19,1472.09,collision,suv,NSW,11,1
CLM-001436,4129.99,2840,29,1,20,1541.33,liability,suv,VIC,0,0
CLM-001437,3041.69,120,47,2,9,1332.11,collision,hatchback,NSW,20,0
CLM-001438,1158.68,983,60,2,2,1571.59,collision,sedan,VIC,12,0
CLM-001439,874.1,887,44,1,6,1458.56,liability,sedan,NSW,14,0
CLM-001440,3630.7,2386,20,0,20,1062.82,liability,sedan,WA,13,0
CLM-001441,8411.34,2749,62,0,20,1527.15,collision,sedan,WA,2,0
CLM-001442,3163.74,540,67,1,17,1170.25,collision,sedan,WA,7,0
CLM-001443,5486.1,704,61,1,18,1924.42,collision,hatchback,QLD,16,0
CLM-001444,6371.61,1808,62,0,15,1491.61,collision,hatchback,NSW,8,1
CLM-001445,3641.29,3534,62,1,13,1118.95,collision,sedan,NSW,21,1
CLM-001446,1618.3,9,40,0,17,1462.96,collision,suv,QLD,7,0
CLM-001447,3451.21,3210,19,1,14,1044.8,liability,suv,QLD,11,0
CLM-001448,7370.97,706,84,1,7,1435.07,collision,suv,VIC,10,0
CLM-001449,4435.6,980,31,1,14,1275.52,theft,suv,VIC,0,0
CLM-001450,5224.86,2305,73,0,6,1077.13,collision,sedan,VIC,19,0
CLM-001451,2107.15,2660,54,0,13,1072.98,windscreen,hatchback,NSW,3,0
CLM-001452,2561.21,3191,54,0,8,2153.53,theft,hatchback,NSW,11,0
CLM-001453,2726.99,20,19,0,10,1380.16,windscreen,suv,VIC,21,0
CLM-001454,2868.36,178,84,0,3,1207.53,liability,ute,QLD,23,0
CLM-001455,7157.88,1745,53,3,21,1150.38,collision,suv,SA,5,0
CLM-001456,512.66,2038,73,0,16,1505.48,collision,suv,VIC,9,0
CLM-001457,3050.02,952,70,0,2,1139.3,collision,sedan,QLD,13,0
CLM-001458,2808.42,2324,27,0,10,988.78,collision,suv,WA,16,0
CLM-001459,1065.69,968,81,0,9,1339.3,liability,sedan,NSW,6,0
CLM-001460,4933.61,3403,57,2,19,1336.81,collision,hatchback,QLD,13,0
CLM-001461,1731.29,647,30,2,16,1212.38,windscreen,suv,VIC,20,0
CLM-001462,2280.67,2391,56,1,19,1055.87,collision,suv,VIC,18,0
CLM-001463,11927.32,1935,59,0,10,1220.98,collision,suv,NSW,19,0
CLM-001464,6358.07,376,61,1,3,1195.02,collision,hatchback,WA,21,0
CLM-001465,4586.47,2207,39,1,15,1149.24,theft,sedan,SA,20,1
CLM-001466,3966.28,535,81,1,4,1441.25,theft,sedan,NSW,12,0
CLM-001467,2634.61,1969,33,2,14,2084.66,collision,sedan,NSW,23,0
CLM-001468,13353.49,2320,50,0,9,1789.48,collision,suv,NSW,11,0
CLM-001469,5440.5,263,74,0,7,1990.83,windscreen,hatchback,QLD,17,0
CLM-001470,1699.07,787,23,1,2,1162.66,collision,sedan,VIC,22,0
CLM-001471,1043.07,1079,45,0,17,1902.65,liability,hatchback,NSW,1,0
CLM-001472,4560.23,3388,50,1,15,1425.0,collision,sedan,WA,22,0
CLM-001473,2858.63,807,69,0,7,1675.5,collision,suv,VIC,19,0
CLM-001474,1020.75,3360,70,1,16,1501.04,collision,sedan,VIC,23,0
CLM-001475,4111.07,1949,71,1,21,1236.72,collision,suv,VIC,18,0
CLM-001476,2436.29,3462,42,0,15,1587.43,collision,suv,VIC,3,0
CLM-001477,4438.18,3034,50,1,20,1510.03,collision,suv,VIC,7,0
CLM-001478,4151.83,1069,19,1,10,766.5,liability,sedan,NSW,0,0
CLM-001479,1889.0,2043,73,0,8,1309.04,collision,hatchback,VIC,14,0
CLM-001480,4791.67,2616,38,0,18,1637.89,collision,hatchback,WA,10,0
CLM-001481,2052.0,286,49,0,14,1441.55,collision,suv,VIC,11,0
CLM-001482,2154.55,2420,63,0,13,1504.93,collision,suv,WA,17,0
CLM-001483,1999.79,1677,70,1,14,1102.03,theft,ute,VIC,19,0
CLM-001484,6962.06,129,23,0,21,1434.55,collision,sedan,QLD,1,0
CLM-001485,2415.28,3164,69,0,15,1318.21,theft,hatchback,NSW,22,0
CLM-001486,8344.29,969,43,0,17,1282.86,collision,sedan,QLD,8,0
CLM-001487,11357.27,3190,45,0,0,1125.85,liability,ute,NSW,18,0
CLM-001488,1712.93,754,26,2,15,1651.9,collision,sedan,NSW,13,0
CLM-001489,333.37,1977,66,0,6,1464.0,liability,sedan,NSW,10,0
CLM-001490,6524.91,1353,49,0,2,1430.7,collision,suv,NSW,5,1
CLM-001491,2306.58,3259,24,1,6,2026.76,collision,suv,SA,4,0
CLM-001492,1556.76,3478,27,2,18,1506.35,windscreen,hatchback,SA,17,0
CLM-001493,1916.89,2810,66,1,17,1746.16,theft,hatchback,QLD,7,0
CLM-001494,2183.95,3086,25,0,6,1440.07,windscreen,sedan,NSW,5,0
CLM-001495,7886.4,2806,52,0,4,1233.46,collision,sedan,WA,0,1
CLM-001496,3360.8,1070,64,1,9,1000.48,theft,suv,QLD,20,0
CLM-001497,7806.4,3359,79,1,7,1429.66,windscreen,suv,VIC,9,0
CLM-001498,4318.51,1934,28,0,10,471.05,theft,suv,VIC,8,0
CLM-001499,2363.92,1253,37,0,17,1439.91,collision,hatchback,QLD,8,0
CLM-001500,2224.38,701,28,1,7,1454.08,theft,ute,NSW,14,0
CLM-001501,4542.38,2590,76,1,3,1278.2,theft,sedan,VIC,11,0
CLM-001502,5515.51,1012,57,1,2,1319.52,liability,suv,QLD,13,0
CLM-001503,6295.53,2382,83,0,15,937.11,collision,suv,NSW,6,0
CLM-001504,2450.01,237,20,1,4,1807.25,collision,suv,VIC,7,0
CLM-001505,3399.57,2317,65,0,4,1238.71,windscreen,sedan,VIC,20,0
CLM-001506,4619.45,2345,20,0,17,1029.21,collision,suv,QLD,10,0
CLM-001507,2235.07,1915,25,1,2,1529.74,windscreen,suv,SA,23,0
CLM-001508,1272.57,2397,46,0,14,1386.55,collision,sedan,WA,20,0
CLM-001509,1628.31,3627,42,0,0,1231.75,collision,ute,QLD,17,1
CLM-001510,2487.97,3060,42,0,20,1196.87,windscreen,suv,VIC,13,0
CLM-001511,4898.36,1604,22,1,15,1348.14,collision,suv,QLD,20,0
CLM-001512,7663.57,3181,54,1,18,1794.12,collision,suv,VIC,1,0
CLM-001513,1078.11,3483,40,1,14,1504.95,theft,hatchback,NSW,11,0
CLM-001514,1904.53,584,84,0,8,1338.65,windscreen,sedan,QLD,17,1
CLM-001515,2279.25,1310,70,1,21,1631.3,liability,sedan,QLD,2,0
CLM-001516,5410.18,2712,47,1,17,1359.09,collision,sedan,VIC,4,0
CLM-001517,2006.04,1879,69,0,1,1482.51,collision,suv,WA,1,0
CLM-001518,2159.65,491,56,0,12,1399.87,liability,sedan,QLD,11,0
CLM-001519,1033.81,1724,51,0,11,1544.63,collision,ute,VIC,12,0
CLM-001520,4283.63,1364,79,2,6,1203.43,collision,sedan,NSW,11,1
CLM-001521,2641.1,2696,57,0,10,974.02,collision,sedan,NSW,1,0
CLM-001522,1825.24,1881,50,1,21,1649.26,collision,suv,VIC,11,0
CLM-001523,2453.73,510,55,0,1,1846.63,liability,ute,VIC,21,0
CLM-001524,6941.32,180,70,1,20,989.68,windscreen,hatchback,NSW,0,0
CLM-001525,1402.95,1048,67,0,15,1409.17,windscreen,ute,NSW,18,0
CLM-001526,1585.66,572,54,0,2,1201.87,collision,suv,NSW,6,0
CLM-001527,7625.01,3198,29,0,6,1641.51,collision,ute,QLD,1,0
CLM-001528,3155.28,989,60,1,18,1431.39,collision,ute,QLD,1,0
CLM-001529,4926.16,2315,46,1,15,2448.07,collision,sedan,VIC,0,0
CLM-001530,4029.16,465,80,2,1,1250.53,collision,suv,NSW,9,0
CLM-001531,2903.0,1612,78,4,3,1857.31,collision,ute,NSW,11,0
CLM-001532,2295.66,3409,18,0,20,1889.43,collision,sedan,NSW,14,0
CLM-001533,5561.75,2348,84,2,3,1526.09,collision,suv,VIC,1,1
CLM-001534,7127.76,1052,78,0,13,1362.24,windscreen,suv,NSW,15,0
CLM-001535,6722.0,2728,78,0,21,1381.3,collision,suv,VIC,17,0
CLM-001536,1225.25,1829,51,1,3,1353.37,collision,sedan,SA,1,0
CLM-001537,7932.18,858,36,0,0,1723.99,windscreen,ute,VIC,16,0
CLM-001538,2279.13,3637,58,0,17,1062.03,windscreen,hatchback,WA,2,0
CLM-001539,1692.1,3422,77,0,20,1296.88,windscreen,sedan,NSW,10,0
CLM-001540,2625.44,2068,48,1,11,1256.88,collision,suv,NSW,15,0
CLM-001541,5559.96,121,84,0,5,780.36,windscreen,sedan,SA,20,0
CLM-001542,4470.91,1501,35,0,1,1633.44,collision,sedan,VIC,12,0
CLM-001543,2461.34,1875,75,1,20,1700.76,collision,hatchback,QLD,10,0
CLM-001544,5587.29,3393,22,0,17,1140.71,collision,suv,SA,20,0
CLM-001545,3310.64,2675,74,0,19,1689.94,collision,suv,VIC,5,0
CLM-001546,1939.67,812,81,2,17,827.39,collision,sedan,NSW,4,0
CLM-001547,1752.81,1861,65,0,9,1357.9,collision,hatchback,VIC,11,0
CLM-001548,4054.88,655,59,2,10,1308.33,windscreen,sedan,NSW,2,0
CLM-001549,2802.06,1729,45,3,8,1378.96,collision,ute,NSW,0,0
CLM-001550,1062.49,1954,76,0,16,1377.24,collision,sedan,NSW,8,0
CLM-001551,5627.22,1860,26,0,2,1324.58,collision,sedan,WA,3,0
CLM-001552,2079.31,1559,37,0,0,1222.03,collision,ute,QLD,15,0
CLM-001553,9838.81,1595,26,1,21,1314.13,collision,sedan,NSW,13,0
CLM-001554,1040.81,2908,36,0,6,1799.86,collision,ute,NSW,11,0
CLM-001555,2603.13,1846,53,1,0,1159.02,collision,sedan,QLD,11,0
CLM-001556,1763.43,153,40,1,14,2094.26,windscreen,ute,WA,2,0
CLM-001557,1434.3,2704,46,0,8,1140.4,liability,ute,NSW,9,0
CLM-001558,2069.18,2254,33,0,5,1429.22,collision,ute,NSW,1,0
CLM-001559,11247.78,2539,41,0,9,1538.5,theft,sedan,WA,8,0
CLM-001560,3319.36,2593,51,0,9,1253.72,windscreen,ute,WA,16,0
CLM-001561,1646.19,632,32,0,13,1806.18,liability,hatchback,WA,23,0
CLM-001562,756.37,3547,80,1,20,1529.92,theft,sedan,NSW,7,0
CLM-001563,819.73,3614,78,0,19,1282.38,liability,sedan,NSW,6,0
CLM-001564,1993.51,532,76,0,18,1802.52,liability,hatchback,VIC,16,1
CLM-001565,1853.32,799,18,0,10,1014.89,windscreen,sedan,NSW,22,0
CLM-001566,2519.87,898,51,0,12,1163.39,collision,ute,WA,7,0
CLM-001567,542.32,3527,71,0,2,1535.65,collision,ute,NSW,20,0
CLM-001568,2782.87,3403,41,1,12,1614.48,collision,sedan,QLD,7,0
CLM-001569,6443.31,967,33,2,14,1456.47,collision,suv,WA,15,0
CLM-001570,10068.14,2301,58,0,19,1308.03,collision,suv,SA,5,0
CLM-001571,719.94,888,18,0,1,1267.02,collision,sedan,QLD,6,0
CLM-001572,1634.28,138,59,1,18,1723.36,collision,hatchback,SA,23,0
CLM-001573,1570.78,840,48,0,11,1429.33,collision,sedan,NSW,9,0
CLM-001574,3325.22,282,63,1,1,1062.16,windscreen,suv,VIC,0,0
CLM-001575,1194.13,3094,63,0,21,1043.13,collision,hatchback,NSW,18,0
CLM-001576,10526.99,2866,53,1,10,1849.44,collision,sedan,SA,3,0
CLM-001577,3079.87,672,57,0,9,1112.81,windscreen,hatchback,WA,2,0
CLM-001578,2717.97,2071,19,0,4,1440.0,windscreen,sedan,NSW,20,0
CLM-001579,9843.19,748,83,0,1,1795.8,liability,suv,NSW,8,0
CLM-001580,2945.3,2063,23,2,1,1528.9,windscreen,sedan,VIC,3,0
CLM-001581,4024.79,3270,83,0,5,1099.98,liability,ute,NSW,23,0
CLM-001582,1697.48,3211,83,0,6,1014.82,collision,ute,WA,6,0
CLM-001583,1066.48,3040,66,1,10,1967.06,collision,hatchback,NSW,15,0
CLM-001584,1886.03,880,67,0,13,1006.42,collision,hatchback,QLD,6,0
CLM-001585,15370.91,696,20,2,21,1167.42,theft,ute,VIC,13,1
CLM-001586,4792.3,585,81,1,17,1472.93,liability,ute,VIC,16,0
CLM-001587,3662.5,464,53,2,10,1277.77,collision,suv,NSW,18,0
CLM-001588,1433.28,2240,40,0,20,1539.36,collision,hatchback,SA,9,0
CLM-001589,5904.31,2403,62,0,12,865.64,collision,suv,QLD,14,0
CLM-001590,1076.78,3220,53,3,9,1280.57,collision,hatchback,VIC,20,0
CLM-001591,920.31,329,42,1,4,1573.64,collision,sedan,VIC,20,0
CLM-001592,1960.26,968,39,0,9,1574.75,collision,suv,WA,17,0
CLM-001593,12911.43,2657,25,1,0,1161.09,liability,ute,WA,9,0
CLM-001594,12374.84,2486,78,1,3,1012.84,collision,sedan,WA,12,0
CLM-001595,2125.1,1560,62,0,20,1420.53,windscreen,sedan,QLD,23,0
CLM-001596,1797.86,556,37,0,4,916.89,theft,hatchback,WA,5,0
CLM-001597,871.08,1767,66,0,12,1773.81,collision,suv,NSW,16,0
CLM-001598,3160.62,627,64,1,2,1401.94,collision,sedan,QLD,19,0
CLM-001599,3366.1,1954,27,0,13,1120.05,windscreen,suv,VIC,11,0
CLM-001600,5389.28,3290,29,0,21,1002.01,collision,suv,VIC,20,0
CLM-001601,5901.91,714,33,2,10,1141.09,liability,suv,SA,10,0
CLM-001602,2570.7,430,25,0,2,834.56,collision,hatchback,SA,20,0
CLM-001603,4523.41,2692,73,1,0,1513.28,theft,hatchback,VIC,15,0
CLM-001604,1762.56,88,28,0,16,1085.06,windscreen,suv,VIC,1,0
CLM-001605,4459.46,3589,72,0,2,1481.89,collision,ute,WA,19,0
CLM-001606,2037.7,2828,53,2,6,1527.39,collision,suv,SA,16,0
CLM-001607,4207.37,1472,25,0,18,1668.78,liability,hatchback,QLD,5,0
CLM-001608,3959.51,1323,74,0,11,1433.11,collision,sedan,NSW,16,0
CLM-001609,3138.82,1412,29,0,19,1721.33,collision,sedan,NSW,12,0
CLM-001610,5409.46,1447,84,0,19,1807.42,collision,hatchback,WA,22,0
CLM-001611,918.0,3064,18,0,14,1435.21,collision,hatchback,QLD,7,0
CLM-001612,1341.19,2919,59,0,20,1455.11,windscreen,sedan,QLD,6,0
CLM-001613,2434.4,746,39,0,0,1166.03,windscreen,ute,QLD,1,0
CLM-001614,1009.85,656,53,0,5,1024.08,collision,suv,VIC,18,0
CLM-001615,2197.01,1973,74,0,6,1773.08,windscreen,suv,VIC,23,0
CLM-001616,2250.77,2373,70,1,20,1549.9,collision,sedan,WA,16,0
CLM-001617,7960.63,2654,36,3,13,1576.65,collision,sedan,NSW,8,0
CLM-001618,3317.28,1144,22,0,5,1155.07,collision,suv,QLD,21,0
CLM-001619,6451.53,1760,37,1,4,1885.89,liability,suv,QLD,6,0
CLM-001620,3737.81,380,72,0,17,1274.56,collision,suv,WA,16,0
CLM-001621,1994.7,1663,52,0,18,1085.39,collision,sedan,NSW,14,0
CLM-001622,3295.42,2509,68,1,0,1160.69,collision,hatchback,QLD,20,0
CLM-001623,5151.64,1111,51,0,8,1868.49,windscreen,suv,NSW,23,0
CLM-001624,7295.78,1163,53,2,11,983.35,collision,hatchback,NSW,8,0
CLM-001625,2699.35,1687,22,0,5,1102.13,collision,sedan,VIC,2,0
CLM-001626,866.42,3163,19,0,15,2306.51,windscreen,suv,NSW,3,0
CLM-001627,821.92,2204,65,2,16,1660.54,collision,hatchback,SA,17,0
CLM-001628,2333.65,3354,31,1,18,1108.09,collision,suv,WA,8,0
CLM-001629,516.24,225,42,3,17,993.12,collision,sedan,NSW,3,0
CLM-001630,11456.68,3099,42,0,18,798.01,collision,sedan,WA,19,0
CLM-001631,4664.33,159,60,0,8,1382.05,collision,sedan,VIC,15,0
CLM-001632,1850.57,1176,81,0,6,1590.25,windscreen,suv,QLD,3,0
CLM-001633,1296.94,1557,68,1,6,1851.2,theft,suv,WA,17,0
CLM-001634,6445.19,863,60,1,18,724.99,theft,sedan,VIC,15,0
CLM-001635,1293.07,3610,73,0,14,912.62,liability,suv,NSW,23,0
CLM-001636,1388.99,3258,52,0,7,1310.55,collision,sedan,NSW,23,0
CLM-001637,1678.31,2085,27,2,15,2269.93,collision,suv,VIC,23,0
CLM-001638,3247.26,1653,50,0,5,1642.35,liability,ute,SA,21,0
CLM-001639,4748.57,2780,83,0,5,1473.02,collision,sedan,VIC,19,0
CLM-001640,7291.79,2583,70,0,0,945.78,windscreen,sedan,VIC,16,0
CLM-001641,6527.17,1754,41,0,21,650.4,windscreen,sedan,NSW,13,0
CLM-001642,2982.69,3019,39,0,5,1362.82,collision,sedan,WA,19,0
CLM-001643,6408.57,704,79,0,16,1317.21,collision,suv,NSW,23,0
CLM-001644,1802.18,1013,24,0,2,1261.62,collision,sedan,QLD,2,0
CLM-001645,760.78,64,80,0,0,1224.46,collision,sedan,QLD,3,1
CLM-001646,1802.0,434,63,1,14,1103.04,collision,hatchback,NSW,11,0
CLM-001647,1628.32,725,72,0,2,1027.38,collision,hatchback,NSW,7,0
CLM-001648,1855.69,2280,40,1,3,1808.54,windscreen,sedan,VIC,12,0
CLM-001649,1451.67,3122,61,1,7,1057.45,liability,sedan,NSW,7,0
CLM-001650,2109.42,2154,39,1,12,1258.87,windscreen,suv,QLD,18,0
CLM-001651,4745.79,1625,19,0,0,1337.1,collision,hatchback,WA,21,0
CLM-001652,10790.73,986,48,0,2,1583.07,collision,hatchback,NSW,6,0
CLM-001653,817.29,370,83,1,7,1068.9,collision,sedan,VIC,18,0
CLM-001654,1134.79,2134,34,1,15,1672.76,collision,sedan,NSW,2,0
CLM-001655,1646.51,514,28,1,2,1158.71,liability,suv,NSW,19,0
CLM-001656,5293.88,2884,79,0,6,1296.57,collision,hatchback,QLD,16,0
CLM-001657,2556.23,1492,78,0,4,1892.22,collision,hatchback,QLD,17,0
CLM-001658,1731.8,1277,74,0,6,1030.15,windscreen,sedan,QLD,11,0
CLM-001659,5102.83,97,83,1,5,1587.9,collision,suv,NSW,2,0
CLM-001660,6107.62,884,84,0,14,1681.52,collision,sedan,VIC,20,0
CLM-001661,2939.31,48,79,2,1,1452.27,collision,ute,VIC,2,0
CLM-001662,1616.2,2646,82,1,20,1311.21,theft,hatchback,SA,11,0
CLM-001663,3650.83,1788,67,1,5,2051.48,windscreen,suv,QLD,4,0
CLM-001664,2502.51,2868,39,0,21,1345.43,collision,sedan,SA,20,0
CLM-001665,2488.01,2063,48,1,16,1417.35,liability,suv,NSW,13,0
CLM-001666,2029.81,3483,43,1,7,1238.95,windscreen,suv,VIC,12,1
CLM-001667,5965.44,2860,52,0,6,1399.86,windscreen,hatchback,QLD,7,0
CLM-001668,3595.4,538,64,1,20,1668.16,collision,suv,VIC,18,0
CLM-001669,6481.94,425,34,2,21,1259.15,collision,hatchback,QLD,5,0
CLM-001670,8121.29,3245,19,0,13,654.18,windscreen,sedan,VIC,17,0
CLM-001671,4205.87,982,58,0,1,1519.48,collision,sedan,SA,23,0
CLM-001672,2038.85,2792,84,0,19,994.15,theft,sedan,NSW,6,0
CLM-001673,6504.47,2294,75,0,10,1594.82,windscreen,sedan,SA,16,0
CLM-001674,4227.0,2561,18,0,0,1349.56,collision,sedan,VIC,7,0
CLM-001675,21005.21,973,58,1,17,1661.23,windscreen,ute,VIC,22,0
CLM-001676,3761.52,1142,53,1,0,1037.05,liability,sedan,VIC,21,0
CLM-001677,5030.46,2025,46,0,8,1173.38,windscreen,sedan,NSW,7,0
CLM-001678,3706.41,81,62,0,1,1237.79,collision,sedan,SA,5,0
CLM-001679,2767.43,1137,46,0,9,860.85,windscreen,sedan,WA,1,0
CLM-001680,2455.06,1852,79,1,17,1716.77,collision,hatchback,SA,16,0
CLM-001681,3717.04,746,78,2,2,813.61,windscreen,hatchback,SA,22,0
CLM-001682,4406.7,1043,61,2,3,1712.11,windscreen,sedan,QLD,3,0
CLM-001683,7085.4,3589,48,1,21,1490.05,windscreen,ute,VIC,19,0
CLM-001684,3757.98,1057,57,1,3,1284.37,collision,ute,WA,18,0
CLM-001685,2106.61,3293,78,4,2,1463.89,collision,hatchback,NSW,11,0
CLM-001686,2332.88,3384,38,1,12,1454.85,collision,suv,WA,5,0
CLM-001687,1105.22,2459,76,0,6,1217.86,collision,sedan,VIC,15,0
CLM-001688,10362.1,558,57,0,21,1448.39,collision,suv,QLD,14,0
CLM-001689,1986.48,750,22,2,3,1591.29,theft,hatchback,VIC,19,0
CLM-001690,6158.45,3409,68,2,12,1038.25,collision,ute,VIC,13,0
CLM-001691,3668.04,5,31,0,20,1464.24,windscreen,suv,NSW,1,0
CLM-001692,3743.58,1838,52,1,16,483.31,liability,sedan,VIC,4,0
CLM-001693,2729.61,2176,81,0,0,713.23,collision,ute,VIC,9,0
CLM-001694,1651.02,3059,70,0,4,1536.29,windscreen,hatchback,NSW,11,0
CLM-001695,1441.73,3267,64,0,2,1212.12,theft,suv,NSW,8,0
CLM-001696,10898.16,1035,22,0,20,1068.37,collision,ute,VIC,21,0
CLM-001697,3246.95,1834,75,0,4,1332.5,collision,suv,NSW,6,0
CLM-001698,6932.33,2313,40,0,1,1219.34,windscreen,suv,WA,16,0
CLM-001699,8422.65,3522,21,0,8,1023.76,liability,suv,NSW,8,0
CLM-001700,2190.46,2031,82,1,6,809.11,windscreen,ute,VIC,23,0
CLM-001701,4095.44,444,30,0,3,700.51,liability,hatchback,NSW,21,1
CLM-001702,3083.31,3373,39,0,9,1593.8,liability,suv,VIC,18,0
CLM-001703,1251.49,1870,27,1,19,1210.58,collision,suv,VIC,18,0
CLM-001704,2593.83,654,59,0,4,1669.95,theft,suv,QLD,15,0
CLM-001705,4631.47,694,76,0,21,1207.23,collision,sedan,VIC,14,1
CLM-001706,2050.27,746,52,1,14,1467.14,liability,sedan,VIC,13,0
CLM-001707,2336.4,2632,76,0,8,1308.62,collision,sedan,NSW,0,0
CLM-001708,2617.5,3463,80,2,14,1364.67,collision,suv,VIC,22,0
CLM-001709,14525.3,1610,76,0,7,1380.7,windscreen,sedan,VIC,23,0
CLM-001710,753.3,357,28,3,4,1202.92,collision,suv,QLD,12,0
CLM-001711,4342.62,3243,31,2,5,944.22,windscreen,ute,VIC,20,0
CLM-001712,2465.12,2316,38,2,0,1602.82,collision,sedan,QLD,9,0
CLM-001713,1843.66,2083,60,0,14,1875.87,liability,suv,VIC,2,0
CLM-001714,2420.17,221,75,0,1,1897.54,liability,hatchback,NSW,20,1
CLM-001715,4917.39,3542,38,1,4,1167.42,collision,suv,NSW,12,0
CLM-001716,5132.73,281,62,0,0,1108.05,windscreen,sedan,NSW,22,0
CLM-001717,3427.25,2227,30,1,1,1167.09,collision,suv,VIC,5,0
CLM-001718,6765.26,2179,54,0,19,1291.97,theft,suv,WA,11,0
CLM-001719,7720.43,1875,70,1,0,1332.69,theft,suv,QLD,16,0
CLM-001720,5498.78,2012,44,0,13,1020.68,windscreen,sedan,VIC,3,1
CLM-001721,1979.02,1452,28,0,7,861.69,collision,suv,NSW,23,0
CLM-001722,4319.22,2091,45,0,3,1366.48,collision,suv,WA,14,0
CLM-001723,4334.67,1328,69,1,6,450.0,windscreen,sedan,NSW,4,0
CLM-001724,1616.92,1728,80,2,2,1316.78,collision,suv,VIC,17,0
CLM-001725,918.66,2475,59,0,6,1038.23,collision,sedan,WA,21,0
CLM-001726,653.88,2709,62,1,17,1607.45,collision,suv,VIC,8,0
CLM-001727,3141.3,559,46,0,13,1695.72,collision,hatchback,NSW,14,0
CLM-001728,3727.64,3621,80,0,17,1703.51,windscreen,sedan,NSW,17,0
CLM-001729,1228.64,352,76,1,15,1235.67,collision,suv,QLD,3,0
CLM-001730,6532.36,1006,83,0,20,975.4,collision,suv,NSW,12,0
CLM-001731,3341.46,1265,75,1,2,1081.18,liability,sedan,QLD,13,0
CLM-001732,8201.64,1180,54,0,3,1444.91,collision,hatchback,VIC,7,0
CLM-001733,3935.93,1284,82,2,9,806.86,windscreen,suv,VIC,7,0
CLM-001734,1339.77,1179,58,0,11,1809.87,collision,sedan,NSW,15,0
CLM-001735,4203.66,1591,58,0,17,1240.89,windscreen,hatchback,WA,18,0
CLM-001736,4927.48,2785,61,0,2,1515.06,windscreen,ute,VIC,9,0
CLM-001737,1976.89,3020,30,2,2,762.13,liability,ute,QLD,3,0
CLM-001738,1010.73,1270,74,1,17,1044.43,collision,sedan,VIC,18,0
CLM-001739,3213.84,943,42,0,12,721.13,collision,sedan,NSW,4,0
CLM-001740,1407.21,2470,62,1,9,1686.99,windscreen,suv,VIC,0,0
CLM-001741,6909.59,217,74,0,4,1297.13,collision,sedan,VIC,7,0
CLM-001742,2196.49,1627,25,1,15,1538.53,collision,sedan,VIC,19,0
CLM-001743,10866.62,803,38,0,17,1370.93,collision,ute,WA,18,0
CLM-001744,606.0,2218,81,0,0,1504.6,liability,sedan,WA,7,0
CLM-001745,3298.08,285,42,0,1,1238.64,windscreen,sedan,QLD,12,0
CLM-001746,8708.41,3025,62,0,17,1282.83,theft,sedan,VIC,23,0
CLM-001747,1528.85,985,55,0,19,1319.73,windscreen,suv,VIC,17,0
CLM-001748,2645.46,1876,76,0,5,1483.86,collision,suv,QLD,18,0
CLM-001749,2203.33,2088,52,0,15,1492.6,collision,hatchback,NSW,2,0
CLM-001750,1785.0,1734,46,1,18,2277.77,collision,sedan,WA,5,0
CLM-001751,3581.25,1635,19,1,2,1904.93,theft,sedan,WA,2,0
CLM-001752,1128.26,974,49,1,4,763.01,collision,suv,NSW,23,0
CLM-001753,2742.91,2819,57,0,2,1302.78,liability,suv,WA,8,0
CLM-001754,4389.61,1883,64,0,17,1216.05,windscreen,suv,WA,11,1
CLM-001755,2536.85,787,70,0,16,1772.44,collision,hatchback,VIC,13,0
CLM-001756,1407.89,957,70,1,2,1245.8,collision,suv,WA,12,0
CLM-001757,6455.19,1600,48,1,3,1503.22,collision,suv,NSW,1,0
CLM-001758,5154.85,3079,23,0,14,578.77,liability,hatchback,NSW,21,0
CLM-001759,1365.27,3508,35,0,19,850.51,liability,sedan,VIC,9,0
CLM-001760,1129.37,1419,45,0,17,2040.46,liability,hatchback,VIC,22,0
CLM-001761,1459.8,1442,83,0,3,1366.58,collision,suv,VIC,18,0
CLM-001762,4487.07,471,69,1,8,1020.51,collision,suv,SA,16,0
CLM-001763,3665.35,1991,77,2,1,1430.15,collision,hatchback,NSW,16,0
CLM-001764,5391.41,875,84,1,5,1002.49,collision,suv,NSW,23,0
CLM-001765,2334.11,2991,26,0,12,1256.49,collision,suv,QLD,7,0
CLM-001766,1489.88,1951,18,0,7,870.64,collision,sedan,NSW,7,0
CLM-001767,5938.04,809,56,1,13,1089.72,liability,suv,QLD,16,0
CLM-001768,1968.28,3344,35,0,6,1212.61,collision,suv,VIC,5,0
CLM-001769,3428.61,2976,76,1,12,1719.83,collision,sedan,SA,19,0
CLM-001770,932.21,1097,49,1,13,1503.14,windscreen,ute,QLD,0,0
CLM-001771,1944.27,438,18,0,4,1560.71,theft,suv,NSW,21,0
CLM-001772,6355.32,965,32,0,0,1341.49,windscreen,suv,NSW,8,0
CLM-001773,1742.01,1374,40,0,7,1621.54,theft,sedan,NSW,0,0
CLM-001774,5491.07,1483,19,0,0,1061.74,liability,suv,SA,14,0
CLM-001775,518.91,3001,39,1,3,1108.21,theft,sedan,QLD,6,0
CLM-001776,1959.52,3532,54,0,6,1484.51,collision,sedan,VIC,7,0
CLM-001777,2621.45,2727,77,1,7,1257.88,windscreen,suv,NSW,11,0
CLM-001778,11013.81,3085,61,1,6,1345.43,collision,sedan,WA,13,0
CLM-001779,1240.42,456,24,1,1,1295.84,collision,sedan,NSW,3,0
CLM-001780,4930.74,546,45,1,3,1763.64,collision,suv,QLD,1,0
CLM-001781,6585.98,3314,69,0,19,1780.83,collision,sedan,QLD,11,0
CLM-001782,1735.21,2240,42,2,15,1143.37,windscreen,hatchback,NSW,8,0
CLM-001783,2252.64,860,55,0,9,769.24,collision,hatchback,VIC,13,1
CLM-001784,3315.03,2890,84,1,0,1115.21,collision,suv,NSW,17,0
CLM-001785,981.31,638,27,0,7,1054.0,collision,hatchback,VIC,14,0
CLM-001786,2118.94,2803,49,0,20,1624.48,windscreen,hatchback,SA,2,0
CLM-001787,7762.69,3223,58,0,17,1653.76,collision,sedan,QLD,23,0
CLM-001788,4411.59,1784,71,0,16,1009.75,theft,ute,WA,17,1
CLM-001789,2650.32,2395,74,1,5,1101.01,windscreen,sedan,VIC,1,0
CLM-001790,3244.78,2671,37,2,8,861.93,collision,ute,NSW,18,0
CLM-001791,4608.6,3213,49,1,0,1394.34,windscreen,suv,QLD,21,0
CLM-001792,5320.42,2130,73,1,18,1335.18,collision,sedan,VIC,13,0
CLM-001793,1963.9,1071,74,0,2,1610.41,collision,sedan,NSW,19,0
CLM-001794,9424.24,735,73,0,13,1514.05,theft,hatchback,VIC,21,0
CLM-001795,8000.51,1297,62,1,6,1551.37,liability,sedan,QLD,23,0
CLM-001796,4953.96,204,35,1,12,841.14,collision,sedan,QLD,22,0
CLM-001797,1584.11,2550,42,1,18,1143.31,collision,sedan,NSW,4,0
CLM-001798,1386.91,1348,61,0,6,1663.14,collision,suv,WA,0,0
CLM-001799,2333.32,2597,35,0,0,1172.27,collision,hatchback,VIC,15,0
CLM-001800,3119.95,226,63,0,14,812.9,theft,ute,NSW,16,0
CLM-001801,791.26,1174,52,1,11,1616.64,theft,suv,NSW,13,0
CLM-001802,4320.04,1441,47,0,3,1159.5,theft,sedan,WA,5,0
CLM-001803,7829.05,319,41,0,1,1700.67,collision,sedan,VIC,22,0
CLM-001804,4593.31,3025,69,0,11,1343.92,theft,suv,VIC,9,0
CLM-001805,1795.36,2181,49,1,13,1258.52,theft,hatchback,NSW,17,0
CLM-001806,1642.87,3081,38,2,2,1799.85,theft,ute,QLD,14,0
CLM-001807,3732.71,2926,43,0,13,920.12,collision,suv,QLD,21,0
CLM-001808,2657.18,124,50,1,9,1823.29,collision,suv,VIC,17,0
CLM-001809,4155.89,3158,59,0,3,1139.01,collision,suv,SA,15,0
CLM-001810,4681.11,253,84,0,13,1403.58,collision,suv,NSW,20,0
CLM-001811,6760.94,3179,40,1,14,1406.7,collision,suv,NSW,1,0
CLM-001812,1275.26,2445,29,1,3,1209.05,collision,ute,VIC,16,0
CLM-001813,3519.99,2990,83,0,14,1098.5,windscreen,suv,QLD,14,0
CLM-001814,2269.68,1824,27,0,4,1227.96,collision,hatchback,NSW,18,1
CLM-001815,2768.4,584,78,1,13,1015.19,windscreen,suv,VIC,5,0
CLM-001816,5700.49,545,27,1,17,1997.45,collision,sedan,NSW,14,0
CLM-001817,6184.77,433,42,2,20,1191.23,windscreen,sedan,VIC,6,0
CLM-001818,8508.6,2940,84,1,5,1732.45,collision,suv,QLD,2,0
CLM-001819,4101.85,1947,29,2,7,1688.97,collision,suv,SA,13,0
CLM-001820,2744.87,790,28,0,2,1469.77,theft,suv,VIC,0,0
CLM-001821,2465.97,455,58,2,21,1305.23,liability,ute,QLD,2,0
CLM-001822,811.54,285,30,1,7,1413.95,collision,sedan,VIC,12,0
CLM-001823,8142.08,942,19,0,17,1538.82,collision,ute,NSW,21,0
CLM-001824,2341.57,2735,64,0,20,1383.15,theft,ute,NSW,17,0
CLM-001825,4356.49,3257,82,0,10,832.97,windscreen,suv,SA,0,0
CLM-001826,4960.43,2219,68,0,15,749.96,collision,suv,NSW,2,0
CLM-001827,1171.47,3634,82,1,10,1847.97,collision,sedan,QLD,10,0
CLM-001828,1491.43,1439,53,0,12,480.54,collision,suv,NSW,10,0
CLM-001829,9511.58,1213,59,1,5,1414.58,liability,ute,WA,0,0
CLM-001830,3706.44,2528,83,1,18,1272.46,collision,hatchback,NSW,6,0
CLM-001831,1928.62,491,51,1,2,1403.06,collision,suv,SA,3,1
CLM-001832,2711.45,3326,20,0,14,973.81,liability,sedan,QLD,13,0
CLM-001833,6732.34,2847,34,1,20,1465.72,collision,ute,NSW,15,0
CLM-001834,6007.33,124,59,1,17,1417.99,collision,ute,QLD,9,0
CLM-001835,992.71,683,75,0,16,2261.13,collision,suv,QLD,13,0
CLM-001836,10154.91,2291,58,0,14,1392.89,collision,hatchback,VIC,4,0
CLM-001837,6152.48,2695,45,0,20,1794.92,collision,sedan,NSW,20,0
CLM-001838,2658.84,796,39,0,19,855.43,collision,sedan,QLD,0,0
CLM-001839,1219.51,2726,63,0,6,1686.63,windscreen,sedan,QLD,12,0
CLM-001840,6571.56,1730,78,0,13,1424.67,windscreen,sedan,NSW,7,0
CLM-001841,4261.26,2464,36,1,9,1439.01,collision,hatchback,WA,10,0
CLM-001842,998.9,1547,55,1,5,1443.58,collision,suv,NSW,12,0
CLM-001843,2504.74,1658,46,0,17,1913.09,collision,sedan,NSW,15,0
CLM-001844,31089.63,1423,34,0,0,1434.18,liability,suv,VIC,22,1
CLM-001845,3018.08,572,45,1,2,1091.24,collision,suv,NSW,13,0
CLM-001846,1708.76,694,23,0,2,1146.74,theft,sedan,NSW,5,0
CLM-001847,1399.16,612,53,1,4,1619.65,collision,sedan,VIC,12,0
CLM-001848,11260.7,2929,25,0,11,1497.66,theft,suv,NSW,12,0
CLM-001849,5629.75,1544,49,0,20,844.94,collision,sedan,NSW,20,0
CLM-001850,8566.2,1385,78,0,21,1519.83,windscreen,ute,QLD,13,0
CLM-001851,3590.83,3123,27,0,19,992.83,collision,sedan,VIC,20,0
CLM-001852,7635.12,3238,34,0,16,1494.63,liability,ute,WA,15,0
CLM-001853,1577.76,854,66,0,10,1084.17,collision,hatchback,VIC,13,0
CLM-001854,3367.56,1294,78,0,17,1257.11,windscreen,sedan,VIC,7,0
CLM-001855,3697.05,1502,82,0,5,1170.21,windscreen,sedan,NSW,6,0
CLM-001856,8407.13,3064,26,2,14,1851.24,liability,hatchback,QLD,2,0
CLM-001857,3786.25,2451,34,0,0,1482.61,collision,suv,NSW,13,0
CLM-001858,1864.72,1987,83,0,19,1766.17,collision,suv,NSW,22,0
CLM-001859,3127.71,858,51,1,21,2305.42,collision,sedan,WA,0,0
CLM-001860,847.84,1407,73,0,16,1365.45,collision,sedan,QLD,22,0
CLM-001861,522.84,105,18,1,3,1845.66,theft,suv,QLD,20,0
CLM-001862,5560.85,2569,25,0,5,1119.18,liability,hatchback,NSW,10,0
CLM-001863,2250.58,3353,31,2,16,1764.11,liability,sedan,NSW,7,0
CLM-001864,2450.23,2871,23,0,10,1083.52,collision,ute,VIC,13,0
CLM-001865,5559.2,1128,77,0,12,1343.92,theft,ute,QLD,20,0
CLM-001866,8499.46,1761,71,0,8,1527.17,windscreen,sedan,VIC,0,0
CLM-001867,4450.92,3495,44,0,18,1579.1,liability,sedan,NSW,10,0
CLM-001868,12658.13,1552,23,0,3,930.06,collision,sedan,NSW,1,0
CLM-001869,4346.02,3062,25,1,9,1063.88,collision,suv,VIC,15,0
CLM-001870,3739.32,2107,35,2,4,1551.78,windscreen,suv,QLD,1,1
CLM-001871,3569.9,1821,66,0,15,1228.65,collision,suv,NSW,7,0
CLM-001872,1136.69,2135,71,0,6,888.87,collision,sedan,NSW,17,0
CLM-001873,6105.83,816,54,0,6,1326.58,liability,ute,NSW,18,0
CLM-001874,476.23,1552,78,0,3,1310.74,liability,suv,NSW,5,0
CLM-001875,1920.44,1110,80,1,18,1408.38,liability,suv,VIC,12,0
CLM-001876,3032.67,2765,69,0,4,1524.65,windscreen,suv,NSW,4,0
CLM-001877,1648.59,2235,23,0,19,1503.66,collision,sedan,QLD,14,0
CLM-001878,2124.27,1458,77,2,20,1096.5,collision,ute,QLD,0,1
CLM-001879,11843.47,3002,78,0,21,1214.43,collision,suv,SA,19,0
CLM-001880,6822.75,1653,55,1,7,1656.17,collision,suv,SA,0,0
CLM-001881,1782.25,3479,58,1,14,1170.75,collision,sedan,NSW,14,0
CLM-001882,2096.08,2209,70,1,18,1219.62,theft,suv,NSW,9,0
CLM-001883,1143.96,3232,57,1,1,853.59,collision,suv,NSW,5,0
CLM-001884,5058.1,3601,41,0,1,1340.54,windscreen,suv,QLD,13,0
CLM-001885,2471.78,1193,64,0,4,1463.94,collision,hatchback,NSW,3,0
CLM-001886,682.08,951,70,0,21,698.09,collision,hatchback,VIC,13,0
CLM-001887,3215.02,3050,27,0,1,996.82,collision,sedan,NSW,15,0
CLM-001888,4143.24,846,63,2,16,880.83,collision,ute,NSW,10,0
CLM-001889,6138.62,2745,29,2,18,1610.16,windscreen,suv,QLD,8,0
CLM-001890,2821.39,645,56,3,19,718.92,collision,hatchback,QLD,11,0
CLM-001891,2254.08,3174,25,2,11,1324.03,collision,sedan,VIC,22,0
CLM-001892,13222.81,2516,84,0,11,1586.89,windscreen,sedan,WA,18,0
CLM-001893,2995.72,1901,62,0,16,1411.98,collision,suv,NSW,0,0
CLM-001894,5113.66,1639,49,0,13,1204.81,collision,sedan,NSW,6,0
CLM-001895,1988.92,2326,51,0,17,1464.33,collision,ute,VIC,0,0
CLM-001896,5001.2,1418,59,0,7,1692.2,collision,suv,QLD,5,0
CLM-001897,1000.52,1451,26,2,20,1314.49,theft,sedan,VIC,18,1
CLM-001898,2107.9,744,52,0,9,611.15,collision,suv,NSW,20,0
CLM-001899,1204.47,576,65,0,5,1728.75,collision,hatchback,SA,10,0
CLM-001900,1893.67,3252,35,0,16,1482.09,collision,ute,NSW,16,0
CLM-001901,7614.83,2734,50,1,13,1339.08,theft,suv,VIC,8,0
CLM-001902,1883.25,1617,40,1,1,696.48,collision,sedan,QLD,11,0
CLM-001903,5108.66,3035,28,0,3,1251.56,windscreen,sedan,SA,19,0
CLM-001904,9301.67,2218,83,1,0,1061.09,collision,hatchback,QLD,6,0
CLM-001905,2919.94,2186,57,0,12,948.63,theft,ute,SA,7,0
CLM-001906,6281.26,410,44,0,19,1304.97,collision,suv,NSW,3,0
CLM-001907,4439.58,1964,40,1,7,1173.13,collision,hatchback,QLD,5,0
CLM-001908,3252.98,394,63,1,2,1194.87,collision,sedan,WA,0,0
CLM-001909,5232.98,2496,25,1,18,1594.08,windscreen,ute,VIC,19,0
CLM-001910,11848.46,245,55,1,15,1434.34,liability,sedan,VIC,20,0
CLM-001911,1848.35,1876,33,0,11,1186.48,collision,sedan,SA,10,1
CLM-001912,1451.86,1340,77,1,4,1144.61,collision,suv,NSW,14,0
CLM-001913,1389.31,477,70,0,14,1199.9,liability,suv,VIC,5,0
CLM-001914,6284.37,1726,68,1,8,1268.34,collision,hatchback,WA,1,0
CLM-001915,6953.68,732,27,0,5,1542.74,collision,suv,WA,12,0
CLM-001916,1992.65,892,23,0,6,1005.96,collision,hatchback,SA,3,0
CLM-001917,600.64,3248,48,0,1,1831.28,theft,ute,WA,20,0
CLM-001918,1797.11,1276,41,0,10,1542.97,windscreen,ute,NSW,6,0
CLM-001919,4495.76,1474,66,0,16,450.0,theft,hatchback,SA,17,0
CLM-001920,2835.45,22,65,0,18,1378.17,liability,suv,VIC,6,0
CLM-001921,3412.71,1096,44,0,15,1693.44,collision,suv,QLD,3,0
CLM-001922,2013.22,1281,28,0,19,1478.27,collision,sedan,VIC,13,0
CLM-001923,6377.73,2624,39,0,21,1213.93,collision,sedan,WA,4,0
CLM-001924,3856.03,434,51,2,4,1329.84,collision,hatchback,VIC,9,0
CLM-001925,4627.85,3394,34,0,9,1408.85,collision,suv,WA,7,0
CLM-001926,3358.67,468,39,0,7,1603.96,collision,suv,NSW,21,0
CLM-001927,4417.27,2382,34,0,15,883.02,collision,sedan,NSW,12,0
CLM-001928,4204.58,16,22,0,18,1150.34,windscreen,suv,VIC,17,0
CLM-001929,1486.15,2991,58,1,19,1890.73,collision,ute,NSW,14,0
CLM-001930,3943.4,2541,84,0,1,1360.87,collision,sedan,QLD,21,0
CLM-001931,5397.18,3057,81,1,11,1854.21,theft,ute,NSW,10,0
CLM-001932,7089.4,3399,80,2,2,2335.25,theft,suv,VIC,20,0
CLM-001933,4072.78,3044,62,2,7,1187.63,windscreen,ute,NSW,21,0
CLM-001934,1445.29,2268,68,0,10,954.9,windscreen,sedan,NSW,22,0
CLM-001935,1622.16,3060,22,1,13,1262.37,windscreen,suv,QLD,16,0
CLM-001936,2150.89,351,31,0,17,1712.67,collision,sedan,NSW,23,0
CLM-001937,3436.12,2355,65,1,21,1758.84,collision,suv,NSW,17,0
CLM-001938,2719.83,3612,84,0,7,2099.75,theft,ute,NSW,7,0
CLM-001939,1283.31,1376,78,1,12,1337.85,collision,suv,NSW,3,0
CLM-001940,1277.56,3560,60,0,1,1511.06,collision,sedan,QLD,5,0
CLM-001941,617.77,1849,25,1,2,1115.12,collision,hatchback,NSW,13,0
CLM-001942,287.26,1709,82,1,21,522.69,collision,sedan,VIC,3,1
CLM-001943,2700.42,1095,39,0,20,1336.91,collision,suv,QLD,5,0
CLM-001944,16986.48,393,20,0,20,969.26,collision,hatchback,VIC,15,1
CLM-001945,11471.08,3198,69,2,5,1562.31,windscreen,suv,VIC,7,1
CLM-001946,1431.28,2630,29,0,14,729.14,liability,hatchback,NSW,16,0
CLM-001947,3335.67,1460,38,0,5,1106.02,collision,suv,SA,23,0
CLM-001948,993.83,3509,63,2,15,1438.33,liability,ute,VIC,2,0
CLM-001949,1114.23,670,82,1,10,1472.88,collision,suv,NSW,15,0
CLM-001950,1214.27,2842,78,0,20,1334.35,liability,ute,WA,19,0
CLM-001951,2517.13,1650,28,1,8,1966.22,liability,sedan,QLD,3,0
CLM-001952,2599.71,2278,29,1,14,1867.92,collision,ute,QLD,18,0
CLM-001953,3603.02,135,72,2,14,1124.17,windscreen,sedan,WA,12,0
CLM-001954,4902.07,2229,39,0,17,1881.11,liability,hatchback,NSW,15,0
CLM-001955,2315.4,2478,23,1,1,1931.53,liability,sedan,WA,1,0
CLM-001956,3063.0,3569,57,1,10,1309.11,liability,sedan,QLD,10,0
CLM-001957,1312.44,1263,62,0,9,1364.98,collision,hatchback,VIC,8,0
CLM-001958,1087.49,266,84,1,5,1333.26,collision,sedan,NSW,3,0
CLM-001959,968.52,225,50,0,17,1137.15,windscreen,suv,NSW,18,0
CLM-001960,4850.98,545,71,0,18,1169.93,theft,ute,SA,12,0
CLM-001961,2313.62,1092,53,2,1,1785.38,theft,sedan,NSW,21,0
CLM-001962,732.64,3032,79,0,15,1494.33,collision,sedan,NSW,3,0
CLM-001963,2843.19,712,50,0,18,1167.12,collision,suv,QLD,17,0
CLM-001964,1168.39,529,63,1,6,1044.42,collision,sedan,QLD,14,1
CLM-001965,10355.61,116,82,0,13,1099.82,windscreen,sedan,NSW,15,0
CLM-001966,1931.17,1399,76,0,13,1295.93,collision,sedan,WA,7,0
CLM-001967,4969.77,2202,44,0,0,1651.35,windscreen,suv,VIC,16,0
CLM-001968,6746.12,1027,51,1,17,1066.17,windscreen,sedan,WA,5,0
CLM-001969,1456.52,1808,57,0,16,1647.56,collision,sedan,NSW,18,0
CLM-001970,3155.92,888,26,0,5,1415.0,collision,suv,NSW,10,0
CLM-001971,4514.73,2920,33,0,6,1397.14,collision,suv,QLD,11,0
CLM-001972,3250.81,93,65,0,16,1688.51,liability,sedan,NSW,13,0
CLM-001973,3908.17,732,22,0,17,1628.31,windscreen,sedan,VIC,2,0
CLM-001974,1099.68,2066,58,0,1,886.51,collision,hatchback,NSW,8,0
CLM-001975,4516.66,3074,50,0,7,992.28,collision,suv,QLD,4,0
CLM-001976,2070.15,1464,50,0,13,1274.26,collision,suv,WA,23,0
CLM-001977,3874.18,254,74,1,2,1467.47,collision,suv,WA,10,0
CLM-001978,5943.13,2013,36,0,21,1800.31,liability,sedan,SA,0,0
CLM-001979,4922.67,986,70,1,4,1371.47,windscreen,hatchback,WA,0,0
CLM-001980,3872.05,1111,70,0,19,1912.22,collision,hatchback,VIC,21,0
CLM-001981,4825.15,3366,84,1,1,1116.8,windscreen,hatchback,VIC,3,0
CLM-001982,4995.58,3436,72,1,19,1172.6,collision,sedan,WA,0,0
CLM-001983,9151.07,944,51,2,0,1249.12,windscreen,sedan,SA,5,0
CLM-001984,2905.79,2158,42,0,14,1080.31,collision,sedan,SA,5,0
CLM-001985,3371.01,1974,70,1,7,1732.6,theft,sedan,QLD,1,0
CLM-001986,5997.21,3508,80,0,10,450.0,liability,suv,NSW,23,0
CLM-001987,2063.6,3453,36,3,2,1183.82,collision,suv,SA,1,0
CLM-001988,1095.04,1277,42,2,14,1728.91,theft,sedan,SA,17,0
CLM-001989,4315.3,92,51,1,13,1246.93,liability,hatchback,QLD,20,0
CLM-001990,2554.17,8,25,0,7,1704.05,collision,sedan,WA,15,0
CLM-001991,1205.14,16,39,1,10,2075.24,collision,sedan,VIC,3,0
CLM-001992,4339.03,2851,29,2,12,1376.53,theft,hatchback,SA,17,0
CLM-001993,8719.78,2700,69,0,15,1735.75,collision,ute,NSW,7,0
CLM-001994,878.04,3019,51,0,11,2148.32,collision,suv,WA,9,0
CLM-001995,6417.24,509,58,0,1,1482.69,collision,suv,NSW,6,0
CLM-001996,444.61,214,23,1,11,1334.14,windscreen,sedan,VIC,18,0
CLM-001997,2207.87,622,56,0,7,1647.81,collision,sedan,NSW,13,0
CLM-001998,11853.6,2282,66,0,9,1740.79,collision,suv,VIC,3,1
CLM-001999,2330.31,32,64,0,8,1337.19,windscreen,suv,NSW,9,0
CLM-002000,3188.97,2412,71,0,7,1190.33,collision,suv,SA,19,0
CLM-002001,5282.47,3244,25,3,5,1916.74,windscreen,sedan,VIC,22,0
CLM-002002,822.74,531,54,0,7,1260.7,collision,ute,WA,22,0
CLM-002003,3146.58,2696,50,2,15,1743.93,liability,ute,NSW,3,0
CLM-002004,3128.03,2016,77,1,4,1436.75,theft,sedan,NSW,20,0
CLM-002005,12049.05,3446,64,0,16,1952.9,collision,sedan,QLD,13,0
CLM-002006,1179.91,887,81,3,9,1069.81,liability,suv,QLD,17,0
CLM-002007,2239.14,828,19,0,13,1069.18,collision,ute,VIC,9,0
CLM-002008,1485.84,60,47,2,2,1631.98,collision,suv,WA,15,0
CLM-002009,1372.23,2573,65,0,4,976.99,collision,ute,WA,6,0
CLM-002010,6943.44,3164,23,0,19,1388.49,theft,suv,VIC,12,0
CLM-002011,3041.14,68,61,1,18,1860.98,collision,sedan,SA,5,0
CLM-002012,1965.15,1794,33,0,1,761.01,collision,suv,QLD,9,0
CLM-002013,2021.54,2642,22,0,19,1482.71,collision,sedan,QLD,9,0
CLM-002014,1953.89,2853,62,0,18,1749.88,collision,ute,VIC,20,0
CLM-002015,2089.43,3395,46,0,3,1341.45,collision,sedan,NSW,15,0
CLM-002016,1154.78,2638,45,0,5,1044.06,collision,sedan,NSW,15,0
CLM-002017,2455.17,3359,39,0,3,1263.34,collision,suv,QLD,6,0
CLM-002018,2276.96,3627,63,1,18,1073.29,collision,suv,QLD,10,0
CLM-002019,1688.6,3385,59,1,18,1372.82,theft,suv,VIC,11,0
CLM-002020,3348.56,1598,62,0,15,1258.69,collision,suv,QLD,18,0
CLM-002021,3568.56,1485,70,1,5,1180.62,theft,hatchback,NSW,4,0
CLM-002022,1963.56,1560,58,0,20,1503.83,collision,hatchback,NSW,1,0
CLM-002023,2675.52,3470,23,0,18,1871.11,collision,hatchback,SA,12,0
CLM-002024,15047.51,1028,28,0,19,1458.18,collision,suv,VIC,19,0
CLM-002025,14622.62,2746,84,0,7,1793.41,collision,suv,NSW,17,0
CLM-002026,1352.12,2281,37,0,15,1871.01,collision,suv,VIC,19,0
CLM-002027,1501.42,225,46,0,14,1156.41,windscreen,suv,VIC,9,0
CLM-002028,1346.75,1774,43,0,3,1440.7,collision,suv,QLD,5,0
CLM-002029,6586.59,710,84,0,12,1209.77,collision,suv,SA,15,0
CLM-002030,2210.79,2659,73,1,12,860.89,theft,sedan,VIC,0,0
CLM-002031,3567.98,1632,50,1,12,1467.4,collision,sedan,VIC,21,0
CLM-002032,13329.37,1301,63,0,7,1002.79,collision,hatchback,VIC,17,0
CLM-002033,2957.65,239,54,1,14,1509.82,collision,sedan,VIC,12,0
CLM-002034,5062.86,477,61,3,19,836.56,collision,suv,NSW,4,0
CLM-002035,4404.21,2788,81,2,13,1406.43,collision,suv,NSW,6,0
CLM-002036,1917.61,3147,63,0,19,831.66,windscreen,sedan,WA,23,0
CLM-002037,6597.01,1062,25,2,16,1572.38,liability,hatchback,VIC,0,0
CLM-002038,1576.12,3022,51,3,6,1220.18,collision,sedan,VIC,0,0
CLM-002039,8142.97,2014,72,0,16,1188.37,theft,hatchback,NSW,8,0
CLM-002040,1918.72,1281,20,1,14,1721.75,windscreen,ute,WA,5,0
CLM-002041,2082.92,1647,41,1,20,1243.88,collision,sedan,NSW,16,0
CLM-002042,1317.69,2519,31,0,7,1386.58,windscreen,sedan,VIC,1,0
CLM-002043,1490.41,3318,66,1,3,1284.46,theft,sedan,WA,18,0
CLM-002044,2164.46,1797,27,2,14,1517.44,liability,suv,VIC,18,0
CLM-002045,481.3,1265,59,0,13,1694.17,liability,sedan,SA,5,0
CLM-002046,2502.39,2777,22,0,13,1625.76,collision,hatchback,NSW,13,0
CLM-002047,2036.56,1916,79,0,16,1196.0,collision,sedan,QLD,16,0
CLM-002048,5391.12,1423,39,1,11,1748.99,collision,hatchback,SA,20,0
CLM-002049,4093.83,1678,45,0,0,1047.6,collision,sedan,VIC,17,0
CLM-002050,1753.33,1955,70,0,19,1104.98,collision,hatchback,QLD,23,0
CLM-002051,2113.47,511,43,1,6,1307.83,liability,sedan,VIC,2,0
CLM-002052,2499.98,211,25,0,5,1695.44,collision,suv,QLD,14,0
CLM-002053,9085.79,2426,78,0,17,963.85,collision,suv,WA,18,0
CLM-002054,1608.84,638,25,0,17,1644.19,windscreen,sedan,QLD,5,0
CLM-002055,1737.46,1940,51,0,11,1331.93,collision,hatchback,SA,5,0
CLM-002056,1278.65,2853,26,0,15,1206.87,collision,sedan,VIC,2,0
CLM-002057,980.9,784,64,1,1,1712.28,liability,suv,VIC,23,0
CLM-002058,3752.78,1392,36,0,6,1085.12,collision,suv,NSW,20,0
CLM-002059,3470.93,3570,80,1,5,2104.27,collision,suv,QLD,2,0
CLM-002060,7801.5,128,31,0,9,1291.71,collision,sedan,WA,5,0
CLM-002061,6509.75,2758,62,0,7,1399.45,liability,sedan,QLD,10,0
CLM-002062,17994.79,611,18,1,1,1859.16,collision,sedan,NSW,21,0
CLM-002063,2820.29,3305,25,3,15,1408.06,collision,sedan,VIC,19,0
CLM-002064,2451.86,1502,36,0,13,1742.33,collision,sedan,QLD,21,0
CLM-002065,1124.2,24,77,1,8,705.46,collision,hatchback,SA,19,0
CLM-002066,5026.27,2620,84,0,19,1203.94,liability,suv,NSW,15,0
CLM-002067,3258.1,537,59,0,7,1480.92,collision,suv,NSW,6,0
CLM-002068,4858.33,1326,40,0,2,1706.87,liability,suv,VIC,14,0
CLM-002069,1268.58,1833,38,2,18,1604.0,collision,sedan,NSW,11,0
CLM-002070,3880.44,2719,32,0,2,1573.09,collision,suv,SA,22,0
CLM-002071,3476.91,1529,40,2,1,1700.15,windscreen,sedan,VIC,10,0
CLM-002072,3308.59,3131,51,1,10,1506.76,collision,suv,VIC,18,0
CLM-002073,1785.67,1758,63,0,12,642.75,collision,suv,NSW,4,0
CLM-002074,7273.5,1245,33,1,6,1825.93,windscreen,suv,VIC,16,0
CLM-002075,13873.43,1230,20,0,18,1073.57,collision,hatchback,SA,10,0
CLM-002076,1296.26,2921,55,1,6,1453.5,collision,sedan,VIC,10,0
CLM-002077,5117.05,2426,34,0,21,1409.73,liability,suv,NSW,18,0
CLM-002078,344.33,463,44,0,14,1365.62,collision,sedan,NSW,11,0
CLM-002079,4921.94,2738,65,2,4,985.01,collision,suv,SA,1,0
CLM-002080,733.17,1515,78,1,9,710.23,collision,ute,SA,9,0
CLM-002081,2010.77,1273,53,0,1,1019.21,collision,sedan,NSW,23,0
CLM-002082,1113.46,356,80,0,18,1622.66,collision,suv,QLD,22,0
CLM-002083,2535.87,3643,36,0,14,872.61,theft,suv,NSW,14,0
CLM-002084,5592.02,191,65,0,9,1059.51,collision,sedan,VIC,15,0
CLM-002085,740.27,3637,83,3,14,1487.96,theft,hatchback,NSW,6,0
CLM-002086,2276.49,235,32,0,13,1010.95,collision,suv,WA,18,0
CLM-002087,2028.34,1844,67,0,13,1170.79,collision,ute,SA,14,0
CLM-002088,9757.45,382,49,0,8,1377.0,collision,suv,NSW,0,0
CLM-002089,4120.87,1798,77,0,7,1443.27,windscreen,hatchback,VIC,22,0
CLM-002090,1232.85,3050,38,1,5,1004.42,collision,sedan,NSW,20,0
CLM-002091,2093.37,2153,82,0,17,1396.51,collision,suv,VIC,1,0
CLM-002092,9576.6,1984,71,0,10,1481.62,windscreen,ute,NSW,10,0
CLM-002093,5093.77,434,65,1,10,929.84,collision,suv,NSW,17,0
CLM-002094,1497.16,3457,19,1,15,1420.9,collision,suv,SA,17,0
CLM-002095,2439.86,1370,23,0,11,1113.53,liability,hatchback,NSW,4,0
CLM-002096,2499.06,1963,62,0,20,1390.89,collision,suv,WA,0,0
CLM-002097,1991.24,3276,50,2,5,1588.62,collision,ute,NSW,23,0
CLM-002098,826.62,2294,39,0,0,1291.83,collision,suv,VIC,21,0
CLM-002099,1793.25,2682,74,0,9,1651.43,collision,hatchback,VIC,17,0
CLM-002100,8449.81,673,50,0,11,1610.97,collision,hatchback,SA,15,0
CLM-002101,2239.8,1679,48,0,18,1649.58,windscreen,suv,NSW,16,0
CLM-002102,2758.82,1973,39,0,13,1483.03,collision,sedan,NSW,10,0
CLM-002103,3312.29,641,83,1,20,1713.25,windscreen,sedan,QLD,16,0
CLM-002104,15734.42,1406,42,1,1,1477.08,liability,suv,QLD,7,1
CLM-002105,3000.87,3034,35,2,11,799.8,theft,hatchback,QLD,2,0
CLM-002106,6771.37,3399,63,0,18,1088.62,windscreen,suv,NSW,7,1
CLM-002107,1903.34,3005,20,0,11,1280.29,windscreen,sedan,NSW,7,0
CLM-002108,2453.94,3408,57,1,6,1321.22,liability,sedan,WA,7,0
CLM-002109,3009.15,3644,55,0,16,1468.05,collision,suv,QLD,11,0
CLM-002110,1668.03,724,34,0,19,1083.71,collision,hatchback,QLD,3,0
CLM-002111,2558.59,3122,69,1,5,2012.87,collision,sedan,NSW,9,0
CLM-002112,5802.47,2263,20,1,12,1316.19,collision,suv,NSW,11,0
CLM-002113,1635.54,3134,83,1,17,1347.46,collision,ute,SA,4,0
CLM-002114,2981.16,2329,75,1,3,1128.65,theft,hatchback,QLD,10,1
CLM-002115,5072.3,456,29,0,0,1018.89,collision,sedan,NSW,16,0
CLM-002116,1606.24,2053,50,4,16,1308.32,liability,hatchback,SA,9,0
CLM-002117,6778.83,2775,31,0,16,1359.09,collision,suv,VIC,0,0
CLM-002118,3148.44,453,59,0,3,1321.32,collision,ute,VIC,16,0
CLM-002119,2633.73,1841,41,4,13,1896.2,collision,sedan,VIC,13,0
CLM-002120,661.09,2387,50,0,15,1308.32,collision,suv,QLD,10,0
CLM-002121,2252.49,1694,82,0,21,1321.64,collision,suv,VIC,0,0
CLM-002122,3939.05,2916,59,0,17,1619.05,collision,sedan,VIC,2,0
CLM-002123,11037.0,463,76,1,4,1293.55,collision,suv,QLD,1,0
CLM-002124,4563.83,1260,60,2,12,1527.98,collision,suv,NSW,20,0
CLM-002125,6937.26,3472,49,1,16,927.92,collision,suv,SA,7,1
CLM-002126,1203.72,1878,19,1,5,930.52,collision,sedan,VIC,10,0
CLM-002127,2710.49,660,23,0,3,1390.28,collision,suv,VIC,16,0
CLM-002128,7446.95,424,53,0,9,1273.57,collision,sedan,QLD,15,0
CLM-002129,1531.8,2165,51,0,15,1083.02,collision,hatchback,QLD,1,0
CLM-002130,6148.21,3397,51,3,11,1390.21,collision,hatchback,VIC,22,0
CLM-002131,5166.69,179,74,1,13,1419.0,collision,sedan,QLD,6,0
CLM-002132,3663.02,399,24,0,14,1115.73,windscreen,sedan,WA,18,0
CLM-002133,2329.65,1369,62,3,21,1178.8,liability,sedan,WA,19,0
CLM-002134,1422.65,760,67,0,13,1421.48,liability,suv,WA,12,0
CLM-002135,11288.44,441,61,0,2,1013.04,collision,hatchback,NSW,3,1
CLM-002136,4788.14,1089,33,0,8,1150.67,collision,suv,VIC,13,0
CLM-002137,3848.59,2346,45,1,3,1526.2,collision,sedan,VIC,5,0
CLM-002138,2187.17,3014,21,0,16,1342.13,windscreen,sedan,NSW,20,0
CLM-002139,3066.84,1118,29,0,21,1192.52,windscreen,sedan,QLD,18,0
CLM-002140,3372.93,2557,71,0,16,1051.99,windscreen,hatchback,NSW,19,0
CLM-002141,4023.5,3004,59,1,5,1015.64,liability,suv,NSW,19,0
CLM-002142,5170.66,25,75,0,15,1306.52,collision,suv,NSW,4,0
CLM-002143,1657.63,3112,64,1,0,2018.52,windscreen,sedan,NSW,0,0
CLM-002144,992.33,669,34,0,5,1536.71,windscreen,hatchback,VIC,15,0
CLM-002145,3175.47,2500,72,0,6,910.15,collision,suv,QLD,14,0
CLM-002146,803.99,2738,64,2,10,1583.38,liability,hatchback,VIC,20,0
CLM-002147,2338.47,3085,30,0,7,1099.57,collision,hatchback,NSW,15,0
CLM-002148,2034.71,1473,18,1,9,1348.4,liability,suv,NSW,19,0
CLM-002149,4310.51,2407,69,0,0,1155.68,windscreen,hatchback,WA,8,0
CLM-002150,13186.49,95,66,1,17,2017.51,collision,sedan,NSW,2,1
CLM-002151,693.37,1631,24,0,8,975.74,theft,suv,VIC,0,0
CLM-002152,16409.88,3518,49,1,17,1453.49,collision,sedan,VIC,10,0
CLM-002153,2502.87,578,79,1,1,1123.84,windscreen,suv,VIC,0,0
CLM-002154,3869.41,552,71,0,19,1593.81,windscreen,sedan,WA,12,0
CLM-002155,1031.61,2555,72,0,13,1446.84,theft,sedan,QLD,9,0
CLM-002156,6295.9,1863,44,2,5,1764.0,windscreen,sedan,SA,6,0
CLM-002157,3075.14,1660,26,0,16,1586.98,collision,suv,WA,14,0
CLM-002158,2846.65,906,41,1,16,1121.13,collision,suv,NSW,16,0
CLM-002159,697.12,625,64,1,15,2312.35,collision,suv,NSW,0,0
CLM-002160,3150.6,2691,74,1,19,1533.29,collision,sedan,VIC,11,0
CLM-002161,5621.6,1305,61,0,20,1168.28,collision,hatchback,VIC,22,0
CLM-002162,2496.86,2835,20,1,3,1417.83,collision,hatchback,VIC,7,0
CLM-002163,7191.46,1618,57,0,6,1558.18,collision,sedan,NSW,18,0
CLM-002164,6972.1,1449,30,1,0,1545.62,collision,suv,NSW,8,0
CLM-002165,1843.05,839,58,1,1,1513.69,windscreen,suv,VIC,6,0
CLM-002166,9860.93,2403,45,1,2,1668.94,collision,ute,QLD,20,0
CLM-002167,3083.96,1038,53,0,15,1636.5,liability,suv,QLD,8,0
CLM-002168,3094.28,3318,57,0,13,1070.3,collision,ute,SA,20,0
CLM-002169,3210.67,1490,60,0,0,2045.66,collision,sedan,NSW,15,0
CLM-002170,3140.03,2974,18,2,9,1999.73,collision,suv,VIC,19,0
CLM-002171,414.64,1715,82,0,2,1614.32,collision,ute,SA,19,0
CLM-002172,2593.78,1514,56,1,4,1362.77,collision,suv,QLD,21,0
CLM-002173,1071.74,1654,51,1,1,1368.44,collision,hatchback,VIC,13,0
CLM-002174,10094.56,1611,43,0,11,1243.16,collision,sedan,VIC,22,0
CLM-002175,9794.36,1748,25,2,1,1285.85,collision,sedan,NSW,1,0
CLM-002176,5647.42,3237,60,1,17,628.36,collision,sedan,WA,11,0
CLM-002177,2492.77,2566,42,0,20,1854.99,collision,sedan,QLD,9,0
CLM-002178,1399.67,125,78,0,18,1738.56,windscreen,sedan,VIC,2,0
CLM-002179,1820.4,212,62,0,18,796.69,collision,suv,VIC,20,0
CLM-002180,12797.2,83,47,1,16,1643.7,liability,suv,VIC,19,0
CLM-002181,1773.75,2521,20,0,20,1347.45,windscreen,suv,NSW,17,0
CLM-002182,509.44,751,55,0,19,1284.31,liability,suv,QLD,15,0
CLM-002183,6455.09,1406,74,2,4,1512.64,windscreen,sedan,VIC,14,0
CLM-002184,9185.46,3020,49,0,13,774.88,collision,ute,NSW,9,0
CLM-002185,10346.58,481,61,1,6,1346.29,collision,sedan,VIC,16,0
CLM-002186,6494.83,559,25,1,18,1376.23,collision,hatchback,SA,23,0
CLM-002187,7340.33,289,45,1,0,1376.55,windscreen,sedan,VIC,6,0
CLM-002188,3101.68,1041,71,0,9,898.73,theft,suv,VIC,8,0
CLM-002189,628.15,327,46,0,8,1497.48,collision,hatchback,QLD,2,0
CLM-002190,3043.95,2296,77,0,18,1699.74,liability,suv,WA,21,1
CLM-002191,4751.33,2689,45,0,6,1484.42,collision,suv,QLD,12,0
CLM-002192,2693.37,672,72,1,19,1274.37,collision,ute,WA,14,0
CLM-002193,2602.88,1913,61,0,10,2237.38,windscreen,sedan,NSW,6,0
CLM-002194,1446.51,1106,81,0,15,1044.89,collision,ute,SA,0,0
CLM-002195,1406.27,293,53,0,11,1605.24,theft,hatchback,WA,19,0
CLM-002196,11832.57,1704,49,0,9,1430.28,windscreen,hatchback,VIC,20,0
CLM-002197,12158.21,2545,41,0,6,2014.06,collision,suv,QLD,8,0
CLM-002198,2975.05,832,61,2,6,1477.63,collision,suv,NSW,18,0
CLM-002199,3681.75,2876,83,1,14,1548.38,collision,ute,VIC,13,0
CLM-002200,1428.47,3622,29,0,7,1516.89,theft,suv,NSW,15,1
CLM-002201,4826.76,205,80,2,19,1000.75,collision,sedan,NSW,4,0
CLM-002202,11156.05,596,83,0,2,1063.27,liability,sedan,SA,14,0
CLM-002203,946.79,1056,69,0,4,1259.03,liability,sedan,NSW,3,0
CLM-002204,4221.36,3102,56,0,1,1665.94,collision,suv,VIC,5,0
CLM-002205,4466.08,518,75,1,18,1426.92,collision,sedan,NSW,8,0
CLM-002206,4428.01,1715,35,2,9,1281.78,theft,sedan,VIC,5,0
CLM-002207,10220.12,1961,60,2,0,1802.83,windscreen,sedan,VIC,21,0
CLM-002208,13725.54,471,71,0,0,695.8,collision,hatchback,VIC,0,0
CLM-002209,2502.1,153,71,2,20,922.38,collision,sedan,QLD,21,0
CLM-002210,4938.81,432,57,1,19,526.12,collision,sedan,SA,3,0
CLM-002211,3175.36,205,43,1,6,1748.74,liability,suv,VIC,20,0
CLM-002212,1855.51,1826,81,0,14,1318.08,collision,sedan,SA,8,0
CLM-002213,3652.29,3418,63,1,5,1668.88,windscreen,hatchback,QLD,22,0
CLM-002214,4932.62,1290,69,0,18,1313.94,collision,hatchback,QLD,12,0
CLM-002215,3507.63,937,59,1,15,1687.65,liability,suv,NSW,11,0
CLM-002216,1539.35,856,76,1,9,1308.17,collision,suv,NSW,3,0
CLM-002217,2105.54,3581,50,1,20,1485.27,collision,suv,WA,10,0
CLM-002218,2117.67,3500,54,1,4,1436.96,liability,sedan,VIC,13,0
CLM-002219,1584.73,2367,71,0,21,1461.44,liability,sedan,VIC,23,0
CLM-002220,3771.22,1691,52,2,6,1905.96,collision,sedan,WA,6,0
CLM-002221,4078.91,583,34,0,19,813.94,collision,sedan,NSW,1,0
CLM-002222,6214.49,3390,68,2,18,1327.43,collision,suv,QLD,6,0
CLM-002223,1566.79,4,43,1,12,1415.34,collision,sedan,NSW,5,0
CLM-002224,1933.12,598,25,1,2,1365.93,collision,sedan,SA,22,0
CLM-002225,9565.59,2477,42,0,16,1218.7,liability,suv,NSW,3,0
CLM-002226,2634.97,669,21,1,15,1173.54,collision,suv,NSW,23,0
CLM-002227,3049.09,395,76,1,19,1854.9,windscreen,sedan,QLD,2,0
CLM-002228,2614.09,2175,83,0,4,1326.66,collision,sedan,NSW,19,0
CLM-002229,6972.81,95,35,2,5,2154.52,collision,sedan,SA,9,0
CLM-002230,7178.58,985,79,1,7,1524.33,theft,sedan,QLD,1,0
CLM-002231,6869.91,2345,65,1,8,1254.41,collision,hatchback,NSW,14,0
CLM-002232,3040.95,675,82,0,0,1532.38,theft,hatchback,NSW,17,0
CLM-002233,1549.48,2771,28,0,3,1385.95,collision,suv,SA,20,0
CLM-002234,12631.01,345,22,2,10,1792.86,liability,suv,QLD,4,0
CLM-002235,5665.96,2238,79,0,21,964.65,windscreen,ute,WA,14,0
CLM-002236,2116.47,278,36,0,2,755.61,windscreen,suv,NSW,13,0
CLM-002237,8672.08,2671,57,0,5,1469.12,collision,sedan,SA,10,0
CLM-002238,1994.79,2749,78,1,18,1625.78,collision,sedan,VIC,21,0
CLM-002239,8587.2,2901,40,1,0,1444.35,collision,suv,QLD,10,0
CLM-002240,9033.67,1029,23,1,2,1571.92,collision,suv,VIC,9,0
CLM-002241,1493.52,862,71,0,19,1523.39,collision,sedan,NSW,12,0
CLM-002242,4611.55,3571,48,2,5,861.47,collision,sedan,SA,22,0
CLM-002243,5359.59,2662,19,1,6,1442.81,collision,sedan,SA,20,0
CLM-002244,21187.82,668,40,0,0,1784.54,collision,sedan,VIC,17,0
CLM-002245,1708.33,106,53,0,8,1406.68,collision,suv,SA,1,0
CLM-002246,8729.01,1293,76,1,21,917.71,collision,suv,NSW,7,0
CLM-002247,3019.99,2427,33,0,21,1239.83,collision,suv,NSW,0,0
CLM-002248,1174.95,1368,52,0,14,1533.73,theft,sedan,NSW,2,0
CLM-002249,2724.42,2948,30,1,14,1942.56,collision,sedan,VIC,19,0
CLM-002250,2986.47,1825,37,1,14,704.41,collision,hatchback,NSW,19,0
CLM-002251,1347.27,3618,35,0,15,1469.21,collision,suv,VIC,2,0
CLM-002252,3767.36,3177,53,0,11,1042.37,windscreen,sedan,NSW,10,0
CLM-002253,6114.12,1720,62,0,4,1517.55,collision,sedan,QLD,6,0
CLM-002254,3564.04,3046,25,0,19,1543.98,theft,hatchback,WA,1,0
CLM-002255,1985.48,1635,23,1,19,1273.06,liability,ute,QLD,9,0
CLM-002256,2666.83,36,66,1,3,1558.43,collision,hatchback,NSW,2,0
CLM-002257,2970.82,1124,37,1,2,1726.17,liability,suv,QLD,17,0
CLM-002258,3508.67,1493,59,1,17,1295.69,windscreen,suv,NSW,23,0
CLM-002259,6852.53,3564,23,0,1,908.74,collision,suv,QLD,10,0
CLM-002260,3655.38,3021,58,0,17,1820.44,collision,sedan,VIC,5,0
CLM-002261,1041.04,535,78,0,21,1623.47,theft,suv,VIC,11,0
CLM-002262,1955.22,0,47,1,0,1536.04,liability,suv,NSW,23,0
CLM-002263,3376.23,1930,56,0,17,1121.98,collision,sedan,WA,3,0
CLM-002264,6926.39,1947,37,1,2,1675.19,collision,hatchback,SA,16,0
CLM-002265,7890.26,2684,37,0,6,2024.0,collision,suv,QLD,2,0
CLM-002266,11282.57,947,22,0,12,1309.97,collision,sedan,SA,7,0
CLM-002267,3287.76,2964,50,0,14,1381.18,windscreen,suv,SA,10,0
CLM-002268,5284.23,1506,81,1,1,998.49,collision,hatchback,NSW,9,0
CLM-002269,1001.4,1221,25,0,2,1112.55,windscreen,hatchback,QLD,4,0
CLM-002270,4115.07,1534,45,0,6,995.39,windscreen,suv,VIC,18,0
CLM-002271,1330.82,3447,74,2,14,1393.17,theft,hatchback,VIC,16,0
CLM-002272,2844.37,1429,51,1,8,1237.54,theft,hatchback,NSW,10,0
CLM-002273,28922.61,2046,68,0,6,1473.02,windscreen,hatchback,SA,10,1
CLM-002274,3743.09,3255,43,2,3,1055.67,windscreen,hatchback,QLD,1,0
CLM-002275,1559.53,66,58,2,21,1294.71,windscreen,suv,NSW,15,0
CLM-002276,4047.45,1958,84,1,15,1035.33,collision,ute,VIC,5,0
CLM-002277,2022.71,2585,58,1,21,1411.9,collision,suv,VIC,7,0
CLM-002278,1450.18,3298,71,0,10,811.33,collision,ute,QLD,20,0
CLM-002279,14434.19,224,64,0,18,1400.02,windscreen,sedan,SA,15,0
CLM-002280,6634.97,2652,24,1,14,1258.02,theft,ute,NSW,16,0
CLM-002281,3862.82,2929,28,0,11,1409.72,collision,hatchback,VIC,6,0
CLM-002282,2221.93,1281,58,1,10,804.75,collision,sedan,VIC,12,0
CLM-002283,2361.16,2723,41,0,11,1566.06,collision,hatchback,VIC,0,0
CLM-002284,9479.26,1801,50,0,9,1251.41,windscreen,suv,VIC,5,0
CLM-002285,3751.58,2402,50,1,14,1421.65,collision,sedan,NSW,19,0
CLM-002286,295.27,1422,71,0,10,732.88,collision,sedan,NSW,11,0
CLM-002287,18319.18,646,84,0,21,939.9,liability,ute,VIC,15,0
CLM-002288,3419.66,3024,84,2,19,1221.25,windscreen,suv,WA,18,0
CLM-002289,3856.54,790,23,2,10,1803.92,collision,sedan,VIC,22,0
CLM-002290,6734.65,684,67,0,8,1524.0,collision,suv,NSW,1,0
CLM-002291,4226.17,3234,66,0,16,1392.86,liability,suv,QLD,13,0
CLM-002292,5219.63,3417,75,1,14,1044.98,windscreen,suv,SA,23,0
CLM-002293,2169.4,2224,46,0,5,984.93,theft,hatchback,VIC,4,0
CLM-002294,1185.18,2118,51,0,18,1441.3,collision,ute,NSW,20,0
CLM-002295,3678.18,1316,48,0,15,1581.23,collision,ute,QLD,13,0
CLM-002296,8722.93,2232,43,1,13,1418.96,collision,suv,VIC,7,0
CLM-002297,1833.8,2223,34,1,17,1914.15,windscreen,hatchback,QLD,18,0
CLM-002298,1726.73,1886,61,0,4,1124.79,collision,sedan,NSW,20,0
CLM-002299,7448.47,2391,19,0,17,1409.19,collision,sedan,NSW,3,0
CLM-002300,2115.54,2023,68,0,2,791.25,windscreen,sedan,VIC,16,0
CLM-002301,2190.93,3209,74,0,17,1419.65,liability,suv,QLD,22,0
CLM-002302,2253.28,2437,33,1,12,1834.89,windscreen,suv,VIC,15,0
CLM-002303,2839.16,1406,32,2,12,1006.3,collision,ute,NSW,13,0
CLM-002304,915.78,2390,51,1,16,1627.9,collision,suv,VIC,3,1
CLM-002305,1989.21,839,74,0,6,1825.54,collision,sedan,QLD,10,0
CLM-002306,3543.17,781,25,0,16,1122.39,collision,suv,NSW,21,0
CLM-002307,3524.27,3017,46,0,0,1504.09,collision,hatchback,QLD,19,0
CLM-002308,7104.58,2125,32,1,15,1871.28,collision,sedan,QLD,10,0
CLM-002309,11843.61,196,75,0,17,1426.06,theft,sedan,VIC,7,0
CLM-002310,9268.37,1294,77,0,0,1609.62,liability,sedan,SA,19,0
CLM-002311,5919.39,3592,23,1,15,764.6,liability,suv,WA,23,0
CLM-002312,2666.31,2325,27,0,17,1547.06,collision,sedan,NSW,7,0
CLM-002313,1868.14,3170,28,0,11,1520.69,collision,suv,NSW,19,0
CLM-002314,3021.2,1999,72,0,13,912.35,collision,suv,NSW,7,0
CLM-002315,4624.78,155,78,2,1,1031.77,collision,suv,NSW,19,0
CLM-002316,5521.77,655,42,0,21,1549.32,collision,suv,VIC,23,0
CLM-002317,4756.72,336,28,0,21,1250.11,collision,sedan,WA,15,0
CLM-002318,2721.99,2681,62,1,16,1716.94,windscreen,hatchback,WA,11,1
CLM-002319,5378.4,2761,77,2,0,1452.54,collision,suv,NSW,7,1
CLM-002320,7674.47,1668,78,0,9,1368.63,liability,suv,VIC,1,0
CLM-002321,5768.23,2644,47,0,17,1293.75,collision,sedan,NSW,1,0
CLM-002322,2910.24,2012,70,0,14,1446.59,collision,suv,VIC,20,0
CLM-002323,1594.98,2700,82,2,19,1614.97,collision,hatchback,NSW,15,0
CLM-002324,1566.85,2455,73,1,13,1526.17,collision,sedan,SA,5,0
CLM-002325,1788.42,1662,49,0,15,1210.41,collision,sedan,WA,13,0
CLM-002326,3614.85,2382,35,1,7,1759.01,liability,sedan,NSW,21,0
CLM-002327,4402.17,1162,42,0,17,1567.04,collision,suv,QLD,15,0
CLM-002328,1031.84,2733,42,1,11,1477.13,collision,hatchback,VIC,21,0
CLM-002329,2042.65,3334,84,1,17,1380.26,collision,suv,WA,2,1
CLM-002330,3577.66,754,67,0,4,1515.02,collision,suv,VIC,1,0
CLM-002331,1518.14,2434,75,1,5,745.55,theft,ute,NSW,15,0
CLM-002332,4127.5,402,70,0,1,1429.63,collision,ute,QLD,13,0
CLM-002333,2367.12,1377,49,0,14,1891.26,windscreen,sedan,NSW,16,0
CLM-002334,1732.7,2442,70,0,16,1422.6,collision,sedan,VIC,23,0
CLM-002335,3102.32,1012,60,0,6,1377.55,collision,suv,NSW,2,0
CLM-002336,4000.64,861,67,0,8,1153.36,theft,ute,QLD,22,0
CLM-002337,1577.51,1401,38,0,12,1512.6,windscreen,ute,WA,1,0
CLM-002338,2485.03,418,33,0,16,1285.63,collision,ute,NSW,12,0
CLM-002339,4233.39,2282,30,2,6,1782.07,collision,hatchback,VIC,19,0
CLM-002340,1683.17,479,37,3,10,1065.01,collision,sedan,QLD,16,0
CLM-002341,859.79,1216,83,0,4,1200.74,collision,suv,NSW,5,0
CLM-002342,941.59,1141,81,0,17,1151.71,collision,sedan,VIC,14,0
CLM-002343,2178.65,3532,27,1,19,1955.41,windscreen,hatchback,QLD,21,0
CLM-002344,1108.97,3620,55,2,16,1287.38,collision,suv,VIC,4,0
CLM-002345,2296.65,289,81,0,17,1169.13,windscreen,sedan,WA,22,0
CLM-002346,10391.12,574,68,1,16,660.1,collision,sedan,VIC,15,0
CLM-002347,1060.03,2672,59,2,18,1049.25,windscreen,ute,QLD,2,0
CLM-002348,2411.6,1089,58,0,9,1524.2,windscreen,ute,NSW,7,0
CLM-002349,14753.39,2350,39,0,4,1522.88,collision,ute,NSW,20,0
CLM-002350,4048.48,3360,79,1,21,1135.1,collision,sedan,NSW,8,0
CLM-002351,2262.46,594,23,0,0,1153.43,collision,hatchback,WA,22,0
CLM-002352,2650.06,3516,76,0,8,1963.76,windscreen,ute,WA,10,0
CLM-002353,4113.47,191,76,0,15,2239.81,collision,suv,WA,8,0
CLM-002354,10634.18,835,35,0,17,1729.42,collision,suv,NSW,20,0
CLM-002355,2001.92,1852,52,0,15,1864.56,collision,hatchback,VIC,18,0
CLM-002356,1688.83,3213,77,1,10,1934.57,windscreen,hatchback,QLD,5,0
CLM-002357,1059.86,2021,49,2,20,2080.81,collision,suv,QLD,18,0
CLM-002358,3220.6,507,38,1,5,1250.36,collision,suv,NSW,6,1
CLM-002359,1038.71,908,22,0,3,1060.17,liability,suv,WA,21,0
CLM-002360,2105.19,2779,47,0,13,1955.05,collision,hatchback,NSW,0,0
CLM-002361,1507.92,2049,36,0,7,1031.78,windscreen,suv,NSW,15,0
CLM-002362,6671.45,47,75,1,10,1010.56,collision,sedan,WA,3,0
CLM-002363,2035.92,1830,75,0,10,1018.14,collision,sedan,VIC,16,0
CLM-002364,4014.62,1484,39,1,5,1306.64,liability,hatchback,VIC,23,0
CLM-002365,895.1,2,32,0,21,695.16,theft,hatchback,VIC,16,0
CLM-002366,3289.96,902,37,0,8,877.07,theft,hatchback,SA,10,0
CLM-002367,1209.1,3413,44,0,14,1144.63,collision,suv,NSW,19,0
CLM-002368,2166.27,2569,62,0,3,955.34,collision,ute,QLD,4,0
CLM-002369,15652.75,258,28,0,21,1700.6,collision,hatchback,VIC,13,1
CLM-002370,5997.7,58,84,0,21,1352.19,collision,sedan,NSW,23,0
CLM-002371,2707.26,1262,64,2,1,1540.42,collision,sedan,VIC,8,0
CLM-002372,32833.56,1696,26,0,14,1504.28,collision,hatchback,VIC,0,0
CLM-002373,1500.6,1655,39,1,13,1281.76,collision,sedan,NSW,10,0
CLM-002374,7143.17,2543,64,1,3,1676.08,collision,suv,VIC,11,0
CLM-002375,944.35,632,51,0,16,1499.21,collision,suv,QLD,19,0
CLM-002376,2482.59,170,53,0,16,1244.93,collision,ute,VIC,19,0
CLM-002377,1084.81,2455,20,1,18,794.31,windscreen,sedan,QLD,8,0
CLM-002378,3615.4,3275,45,1,13,1521.82,theft,ute,WA,18,0
CLM-002379,3108.76,612,59,1,15,933.77,collision,sedan,VIC,3,0
CLM-002380,2366.7,1318,68,0,15,1475.49,theft,hatchback,VIC,4,0
CLM-002381,6761.79,2287,47,0,16,1376.03,windscreen,sedan,VIC,14,0
CLM-002382,1948.23,603,55,1,12,901.08,collision,ute,VIC,16,0
CLM-002383,3809.06,3138,32,0,16,1435.27,collision,ute,NSW,19,0
CLM-002384,5516.04,822,71,2,1,1413.14,collision,sedan,NSW,14,0
CLM-002385,980.03,1943,64,1,13,1414.33,collision,sedan,NSW,3,0
CLM-002386,1700.52,1237,67,1,4,1398.51,windscreen,ute,VIC,16,0
CLM-002387,3103.84,2436,62,2,8,1134.71,liability,sedan,SA,10,0
CLM-002388,4782.0,724,84,0,16,1545.23,collision,sedan,VIC,6,0
CLM-002389,8655.31,358,76,1,2,1123.07,windscreen,suv,VIC,8,0
CLM-002390,2535.36,1863,72,2,16,995.38,collision,hatchback,VIC,19,0
CLM-002391,2351.12,3158,40,0,5,1572.63,theft,suv,QLD,4,0
CLM-002392,1549.29,2310,22,0,16,1659.02,windscreen,suv,VIC,13,0
CLM-002393,3818.02,2757,18,0,16,1550.05,collision,hatchback,VIC,1,0
CLM-002394,2385.49,1582,70,1,0,1281.63,collision,suv,QLD,17,0
CLM-002395,2427.16,511,78,0,5,709.98,theft,suv,NSW,3,0
CLM-002396,2778.27,1558,61,2,17,1838.96,liability,suv,VIC,22,0
CLM-002397,4508.51,3604,66,2,7,704.82,collision,sedan,VIC,21,0
CLM-002398,1953.16,2853,24,0,9,1543.4,collision,suv,QLD,20,0
CLM-002399,1670.51,2567,55,0,0,2046.38,collision,ute,SA,8,0
CLM-002400,4120.76,1098,58,1,15,1399.32,collision,sedan,QLD,18,1
CLM-002401,308.19,2188,28,0,2,1446.11,theft,ute,VIC,3,0
CLM-002402,1895.51,2273,68,2,5,1475.18,windscreen,sedan,NSW,6,0
CLM-002403,1257.04,2387,40,1,10,1415.4,windscreen,suv,VIC,3,0
CLM-002404,7349.91,3259,31,0,16,2125.7,liability,sedan,WA,1,0
CLM-002405,2141.58,2487,64,1,10,1071.76,windscreen,suv,SA,8,0
CLM-002406,1957.58,808,47,0,21,1030.32,collision,ute,WA,13,0
CLM-002407,2874.21,808,53,1,11,1241.92,collision,suv,NSW,20,0
CLM-002408,1907.35,2262,54,0,5,1924.47,collision,sedan,QLD,0,0
CLM-002409,2203.97,3161,59,0,4,1159.63,collision,sedan,WA,9,0
CLM-002410,3206.17,3460,45,1,17,1492.0,liability,hatchback,QLD,17,1
CLM-002411,2172.14,2225,72,0,10,1703.43,theft,sedan,QLD,4,0
CLM-002412,2160.48,1933,76,2,13,1607.06,liability,ute,VIC,17,0
CLM-002413,1397.42,2978,50,0,8,1685.96,collision,suv,QLD,13,0
CLM-002414,1254.71,3565,29,1,6,1817.94,collision,sedan,NSW,13,0
CLM-002415,3119.65,101,36,0,13,1451.72,collision,ute,NSW,2,0
CLM-002416,3751.65,1131,69,0,6,1199.17,collision,suv,WA,4,0
CLM-002417,1021.35,1218,35,0,21,1398.58,collision,sedan,SA,21,0
CLM-002418,5270.9,2059,70,0,16,1238.11,collision,hatchback,WA,21,0
CLM-002419,5287.16,1076,62,0,18,2182.11,collision,sedan,VIC,10,0
CLM-002420,6192.02,1135,48,1,6,1174.22,liability,suv,NSW,14,0
CLM-002421,3732.81,89,26,0,0,1509.44,collision,suv,NSW,13,0
CLM-002422,4806.92,13,54,0,1,854.71,collision,suv,WA,12,0
CLM-002423,15348.44,1642,64,1,18,1393.83,windscreen,ute,QLD,17,0
CLM-002424,2377.63,3640,28,0,19,1255.26,collision,sedan,SA,13,0
CLM-002425,1360.67,1079,73,1,14,1572.98,liability,hatchback,VIC,3,0
CLM-002426,943.37,876,31,1,12,1581.58,windscreen,suv,VIC,1,0
CLM-002427,11122.83,965,45,0,4,1817.61,collision,hatchback,QLD,20,1
CLM-002428,11232.77,3551,53,0,16,1791.4,theft,hatchback,NSW,17,0
CLM-002429,1490.03,2423,67,0,11,1328.12,theft,hatchback,SA,4,0
CLM-002430,1727.64,2383,33,0,13,1038.35,windscreen,suv,VIC,1,0
CLM-002431,2337.9,691,40,0,0,1077.05,windscreen,suv,NSW,5,0
CLM-002432,7466.58,3299,72,0,11,1449.9,windscreen,suv,NSW,13,0
CLM-002433,1135.15,718,40,1,15,1402.07,theft,suv,WA,14,0
CLM-002434,682.0,3530,59,0,16,1435.12,collision,suv,QLD,4,0
CLM-002435,15148.18,3476,44,2,3,1173.41,theft,ute,QLD,4,1
CLM-002436,3767.93,2072,21,1,0,1824.29,liability,sedan,QLD,4,0
CLM-002437,4191.48,3168,52,1,18,864.01,theft,hatchback,VIC,10,0
CLM-002438,2555.93,3648,41,1,6,1155.15,theft,sedan,QLD,5,0
CLM-002439,4227.38,2118,35,1,10,994.55,collision,hatchback,SA,10,0
CLM-002440,957.52,2800,75,0,13,1281.04,windscreen,sedan,NSW,0,0
CLM-002441,1586.54,2155,69,0,10,1761.37,liability,sedan,QLD,22,0
CLM-002442,3225.58,1911,36,1,20,1255.04,collision,hatchback,NSW,21,0
CLM-002443,542.85,1221,53,1,18,1383.49,collision,hatchback,NSW,8,0
CLM-002444,2375.85,2390,66,1,8,1569.2,collision,ute,VIC,19,0
CLM-002445,2268.51,975,21,0,4,1239.35,collision,hatchback,WA,12,0
CLM-002446,2375.55,709,24,1,21,1476.27,collision,sedan,NSW,0,0
CLM-002447,1971.77,1005,54,1,15,1432.75,collision,hatchback,VIC,6,0
CLM-002448,1412.45,40,80,1,16,976.83,collision,suv,QLD,1,0
CLM-002449,760.12,3408,80,0,10,1196.78,theft,suv,NSW,16,1
CLM-002450,3322.79,937,48,0,10,1467.01,theft,suv,QLD,18,0
CLM-002451,2380.12,2919,65,1,3,1773.12,theft,sedan,SA,14,0
CLM-002452,1062.67,1587,50,0,9,1772.82,windscreen,suv,NSW,0,0
CLM-002453,3124.1,1238,78,0,11,2041.51,theft,ute,NSW,5,1
CLM-002454,2389.38,832,56,0,2,1510.2,windscreen,sedan,SA,11,0
CLM-002455,2109.55,2995,77,0,13,1213.61,theft,hatchback,NSW,3,0
CLM-002456,591.3,1876,42,1,13,1328.9,collision,suv,NSW,2,0
CLM-002457,4974.48,1641,80,1,18,1312.46,theft,sedan,SA,7,0
CLM-002458,1182.29,2401,66,0,1,1215.4,collision,suv,WA,14,0
CLM-002459,3125.82,2929,69,0,4,1476.38,collision,sedan,QLD,2,0
CLM-002460,1625.87,2393,18,0,9,1491.73,collision,sedan,VIC,23,0
CLM-002461,2227.1,1707,72,2,19,962.66,windscreen,ute,WA,11,0
CLM-002462,7074.27,3262,28,0,5,1709.1,theft,sedan,QLD,4,0
CLM-002463,4441.35,3269,80,0,21,743.85,collision,sedan,QLD,0,0
CLM-002464,6957.18,3527,30,1,21,1276.58,theft,ute,WA,22,0
CLM-002465,3819.17,332,73,0,2,1729.27,collision,sedan,QLD,14,0
CLM-002466,4012.25,3251,60,0,7,1550.44,windscreen,hatchback,VIC,20,0
CLM-002467,783.79,705,44,1,5,1232.2,windscreen,ute,VIC,18,0
CLM-002468,2349.26,2263,77,0,10,1999.71,theft,sedan,VIC,23,0
CLM-002469,2518.25,2401,44,1,20,1204.78,theft,suv,VIC,21,0
CLM-002470,7463.27,751,22,1,8,689.36,collision,sedan,VIC,18,0
CLM-002471,2039.23,29,23,1,14,1499.4,collision,suv,VIC,20,0
CLM-002472,3636.02,3443,75,1,3,763.09,windscreen,sedan,WA,20,0
CLM-002473,3530.94,3252,43,0,12,1075.62,windscreen,hatchback,VIC,6,0
CLM-002474,7102.89,638,72,0,7,1555.51,collision,sedan,NSW,14,0
CLM-002475,2696.45,2194,19,0,20,1197.92,collision,ute,NSW,23,0
CLM-002476,5546.04,552,23,1,17,1541.6,collision,sedan,NSW,20,0
CLM-002477,829.94,2067,84,0,4,967.83,collision,sedan,QLD,2,0
CLM-002478,888.46,1159,27,1,13,1633.3,collision,suv,VIC,2,0
CLM-002479,537.8,2743,64,1,7,791.99,collision,suv,NSW,4,0
CLM-002480,5374.86,2093,41,2,9,1785.15,liability,hatchback,WA,17,0
CLM-002481,4940.64,1817,51,0,10,1193.13,collision,sedan,NSW,9,0
CLM-002482,5840.79,2487,25,1,18,1855.28,collision,sedan,NSW,15,0
CLM-002483,1793.6,1736,35,0,6,1072.63,collision,suv,WA,3,0
CLM-002484,1953.42,48,68,0,0,1985.17,collision,suv,VIC,1,0
CLM-002485,2722.25,2175,53,0,4,1033.97,windscreen,hatchback,QLD,18,0
CLM-002486,8802.35,2839,51,1,18,758.0,collision,hatchback,WA,6,0
CLM-002487,10618.69,1789,81,0,6,1364.22,windscreen,hatchback,SA,1,0
CLM-002488,5406.5,638,45,0,1,1757.22,windscreen,sedan,NSW,5,0
CLM-002489,3820.99,28,71,2,8,1610.96,collision,suv,QLD,7,0
CLM-002490,8115.55,1082,66,0,19,1733.78,theft,ute,QLD,9,0
CLM-002491,2460.5,2803,48,0,19,1617.47,liability,sedan,NSW,21,0
CLM-002492,2223.4,1175,37,1,20,1079.31,collision,ute,SA,4,0
CLM-002493,2706.02,3489,41,0,15,1602.92,collision,sedan,VIC,14,0
CLM-002494,1430.76,1213,76,1,18,1380.64,liability,suv,WA,6,0
CLM-002495,2614.28,1560,38,0,17,1115.79,liability,hatchback,QLD,11,0
CLM-002496,1289.42,2775,61,0,0,1409.19,collision,sedan,VIC,7,0
CLM-002497,6430.17,2240,26,0,9,1331.41,collision,hatchback,NSW,8,0
CLM-002498,4481.74,149,41,0,11,1817.28,collision,sedan,WA,14,0
CLM-002499,8709.52,278,80,0,10,1180.09,windscreen,sedan,VIC,14,0
CLM-002500,878.34,717,54,0,18,1164.67,collision,sedan,NSW,3,0
CLM-002501,12410.18,3181,73,0,21,1119.45,collision,sedan,NSW,3,0
CLM-002502,916.57,81,35,2,11,1975.96,theft,suv,QLD,5,0
CLM-002503,1213.51,261,69,1,2,1137.91,liability,sedan,NSW,21,0
CLM-002504,1871.29,2840,83,2,7,1777.96,windscreen,suv,VIC,7,0
CLM-002505,7948.91,2273,79,1,4,1009.64,collision,hatchback,QLD,13,0
CLM-002506,3530.45,3590,47,0,10,1517.19,collision,suv,NSW,10,0
CLM-002507,2482.76,801,63,0,5,1436.63,liability,sedan,VIC,8,0
CLM-002508,1645.06,2407,78,0,1,1757.01,liability,suv,NSW,0,0
CLM-002509,1062.15,491,72,1,3,1709.17,collision,ute,SA,10,0
CLM-002510,6970.7,2154,83,0,10,1377.02,theft,suv,WA,23,0
CLM-002511,5426.12,387,20,1,3,1172.76,collision,sedan,NSW,22,0
CLM-002512,8220.1,3314,53,1,0,1886.24,collision,suv,VIC,7,0
CLM-002513,4014.28,1518,71,1,6,1139.81,collision,suv,VIC,12,0
CLM-002514,410.93,930,66,1,14,601.65,collision,suv,SA,6,0
CLM-002515,1172.11,3593,28,0,13,736.67,collision,sedan,VIC,22,0
CLM-002516,4224.49,242,56,1,8,817.03,windscreen,hatchback,VIC,13,0
CLM-002517,2259.08,2919,29,0,14,1546.58,collision,sedan,SA,22,0
CLM-002518,1960.33,1861,24,0,4,2080.77,collision,sedan,NSW,20,0
CLM-002519,1303.2,2509,25,2,15,676.81,collision,sedan,VIC,7,0
CLM-002520,6067.44,950,81,0,0,1091.76,collision,suv,NSW,10,0
CLM-002521,4197.08,3216,36,0,2,1379.38,collision,suv,QLD,13,0
CLM-002522,4341.14,1646,48,1,20,1860.02,collision,sedan,VIC,5,0
CLM-002523,1853.44,1527,35,0,10,1089.98,collision,suv,SA,19,0
CLM-002524,3402.33,1665,77,0,12,1544.96,theft,ute,VIC,13,0
CLM-002525,1092.99,1081,77,1,8,1267.47,liability,sedan,NSW,4,0
CLM-002526,2704.38,1163,61,0,14,2210.36,collision,hatchback,WA,11,0
CLM-002527,447.67,511,73,1,16,1397.7,liability,sedan,WA,19,0
CLM-002528,919.58,1775,25,0,17,1467.38,liability,sedan,QLD,10,0
CLM-002529,2340.84,1732,84,0,5,1377.8,windscreen,hatchback,QLD,17,1
CLM-002530,17700.33,1387,45,0,13,1213.15,theft,hatchback,NSW,23,1
CLM-002531,772.35,3597,44,0,17,1663.46,theft,suv,QLD,8,0
CLM-002532,1172.99,412,31,0,9,967.52,theft,hatchback,NSW,23,0
CLM-002533,3507.23,3322,76,0,8,689.35,theft,suv,NSW,9,0
CLM-002534,11238.12,3163,29,0,13,1300.44,collision,suv,SA,13,0
CLM-002535,3469.03,81,75,1,12,1619.14,liability,hatchback,QLD,18,0
CLM-002536,5047.29,2559,65,1,5,1158.34,theft,ute,NSW,1,0
CLM-002537,2314.15,763,69,0,21,1411.54,windscreen,sedan,NSW,16,0
CLM-002538,2032.52,150,20,0,12,947.17,collision,suv,SA,13,0
CLM-002539,3170.48,3142,67,0,12,1700.68,collision,suv,NSW,15,0
CLM-002540,1819.44,422,82,1,4,1565.13,collision,sedan,NSW,22,0
CLM-002541,5131.75,1090,44,2,14,1356.51,collision,hatchback,NSW,11,0
CLM-002542,893.63,352,48,1,20,1405.68,collision,suv,NSW,22,0
CLM-002543,5810.9,518,25,0,15,890.12,collision,suv,NSW,13,0
CLM-002544,3070.16,225,50,0,11,904.87,collision,suv,SA,5,0
CLM-002545,2537.56,3074,63,1,14,1309.74,collision,suv,VIC,15,0
CLM-002546,869.36,215,38,2,5,1519.53,collision,sedan,VIC,4,0
CLM-002547,1429.61,2771,67,3,1,1536.24,liability,hatchback,QLD,21,0
CLM-002548,7324.56,573,23,1,14,1230.23,collision,suv,VIC,3,0
CLM-002549,2549.24,3339,63,3,3,1595.97,collision,ute,QLD,11,0
CLM-002550,3673.13,3094,57,0,1,1818.86,collision,suv,QLD,19,0
CLM-002551,1541.25,2297,33,4,17,1320.74,collision,sedan,QLD,0,0
CLM-002552,2916.7,3023,41,1,9,1452.19,collision,sedan,QLD,11,0
CLM-002553,1065.17,1088,34,0,18,1281.41,theft,suv,QLD,12,0
CLM-002554,3212.84,2858,59,0,19,1308.32,liability,sedan,QLD,8,1
CLM-002555,3936.24,808,60,0,2,1405.96,collision,ute,QLD,16,0
CLM-002556,3791.29,2243,55,0,16,1912.08,theft,hatchback,NSW,7,0
CLM-002557,1513.7,3355,30,1,7,1652.04,collision,sedan,QLD,8,1
CLM-002558,2306.44,2640,32,1,15,1622.31,collision,suv,QLD,6,0
CLM-002559,4459.96,984,72,1,0,1200.26,collision,ute,NSW,14,1
CLM-002560,2543.82,2695,48,1,10,1053.6,collision,sedan,WA,21,0
CLM-002561,2403.11,3224,47,0,13,1478.55,theft,hatchback,NSW,4,0
CLM-002562,12426.68,3245,38,0,9,1760.44,theft,suv,NSW,9,0
CLM-002563,1460.83,2697,80,0,12,1918.72,windscreen,sedan,WA,5,0
CLM-002564,6703.02,2673,34,0,0,540.63,collision,sedan,NSW,5,0
CLM-002565,1253.87,2864,69,0,0,2157.31,theft,hatchback,VIC,23,0
CLM-002566,4871.15,2688,69,0,13,1487.61,collision,sedan,VIC,17,0
CLM-002567,5070.09,488,34,1,9,1649.95,collision,ute,WA,22,0
CLM-002568,2032.92,2934,18,0,12,775.82,collision,sedan,VIC,15,0
CLM-002569,1196.18,656,34,0,7,1271.82,theft,sedan,QLD,15,0
CLM-002570,680.06,2030,36,0,0,1621.54,liability,hatchback,QLD,17,0
CLM-002571,1879.32,1239,67,0,15,962.33,collision,sedan,QLD,15,0
CLM-002572,4423.4,777,53,1,3,450.0,collision,sedan,SA,19,0
CLM-002573,1328.46,1029,46,0,17,1460.72,windscreen,suv,WA,7,0
CLM-002574,3205.78,308,49,0,0,1333.57,windscreen,hatchback,VIC,2,0
CLM-002575,985.04,1604,81,0,20,1825.64,collision,suv,SA,11,0
CLM-002576,2501.34,1529,80,1,5,1297.23,theft,sedan,VIC,0,0
CLM-002577,1261.07,1472,19,1,19,1321.38,theft,hatchback,NSW,1,0
CLM-002578,2811.62,334,74,1,0,1580.23,windscreen,ute,NSW,1,0
CLM-002579,2047.12,2214,42,1,9,1691.06,collision,hatchback,QLD,1,0
CLM-002580,1220.76,617,68,0,9,1116.11,liability,ute,NSW,16,0
CLM-002581,1818.64,3124,83,1,3,1661.68,collision,ute,VIC,14,0
CLM-002582,1479.39,87,52,0,10,1177.83,windscreen,suv,VIC,22,0
CLM-002583,1112.71,201,59,0,4,1355.45,collision,suv,VIC,6,0
CLM-002584,6714.73,1095,46,0,9,1571.35,collision,ute,NSW,7,0
CLM-002585,2275.3,1488,23,1,8,1628.89,collision,ute,WA,11,0
CLM-002586,571.54,3540,20,0,4,1455.04,collision,hatchback,VIC,18,0
CLM-002587,1867.84,1917,42,0,17,993.42,collision,suv,NSW,22,0
CLM-002588,5919.66,1383,73,1,11,732.82,collision,sedan,VIC,17,0
CLM-002589,1684.09,3057,40,0,18,1287.97,collision,suv,VIC,12,0
CLM-002590,9166.47,879,46,1,17,1670.52,collision,suv,QLD,23,0
CLM-002591,1567.92,3274,53,1,5,1498.4,windscreen,suv,VIC,4,0
CLM-002592,4348.37,1472,39,0,6,1429.87,liability,ute,NSW,11,0
CLM-002593,6486.5,1141,50,2,20,1347.68,theft,suv,WA,5,1
CLM-002594,4178.24,1099,58,0,6,1452.0,collision,sedan,VIC,3,0
CLM-002595,1063.3,35,75,1,2,1021.95,collision,suv,NSW,9,0
CLM-002596,1470.19,2459,68,0,11,1607.47,liability,suv,QLD,18,0
CLM-002597,7169.23,2107,72,0,21,1629.28,collision,hatchback,QLD,7,0
CLM-002598,1630.34,2315,53,3,5,1232.76,collision,suv,QLD,19,0
CLM-002599,6196.61,2379,64,1,14,1494.21,liability,suv,VIC,14,0
CLM-002600,2158.75,99,28,1,7,783.54,liability,suv,VIC,16,0
CLM-002601,3314.55,3203,27,0,8,1409.42,collision,suv,VIC,5,0
CLM-002602,1054.08,1866,79,0,9,1306.07,theft,sedan,NSW,20,0
CLM-002603,1888.99,2523,58,0,3,1765.55,collision,hatchback,NSW,4,0
CLM-002604,1546.15,132,25,0,8,1284.45,windscreen,hatchback,SA,8,0
CLM-002605,3530.52,2777,45,1,6,1636.66,collision,suv,QLD,18,0
CLM-002606,3196.78,2472,82,1,18,1220.91,collision,suv,VIC,16,0
CLM-002607,4217.46,1344,19,0,5,595.59,theft,sedan,NSW,7,0
CLM-002608,2063.4,3415,47,1,18,1275.57,collision,suv,QLD,6,0
CLM-002609,1483.75,2374,74,2,0,1414.93,theft,suv,NSW,10,0
CLM-002610,3418.81,3312,81,0,8,1399.78,collision,ute,NSW,10,0
CLM-002611,1377.2,2998,42,0,5,1404.76,liability,sedan,NSW,1,0
CLM-002612,6693.0,750,79,1,9,1182.87,windscreen,ute,QLD,5,0
CLM-002613,2735.61,3637,65,2,16,1243.17,collision,sedan,QLD,3,0
CLM-002614,2334.14,2710,45,1,21,978.31,windscreen,suv,NSW,3,0
CLM-002615,4215.96,692,70,0,16,691.12,collision,suv,NSW,8,0
CLM-002616,2815.03,2894,71,0,11,1314.87,collision,sedan,QLD,0,0
CLM-002617,859.59,1565,36,1,11,1104.08,collision,suv,VIC,16,0
CLM-002618,1344.7,3154,24,1,21,1706.35,windscreen,hatchback,QLD,16,0
CLM-002619,6589.82,632,70,2,21,629.95,windscreen,suv,NSW,5,0
CLM-002620,3174.52,947,23,0,16,1446.04,liability,sedan,QLD,21,0
CLM-002621,844.57,1268,70,0,3,2050.09,windscreen,suv,SA,14,0
CLM-002622,3881.92,1645,41,0,5,1289.66,liability,sedan,QLD,7,0
CLM-002623,1959.72,2304,65,0,5,1349.09,collision,suv,NSW,4,0
CLM-002624,1547.08,808,58,1,5,1490.69,liability,suv,QLD,10,0
CLM-002625,1263.13,2575,20,0,21,1516.49,collision,sedan,VIC,23,0
CLM-002626,6310.35,88,18,1,3,1215.19,collision,suv,NSW,0,0
CLM-002627,682.58,1208,60,1,18,1017.26,collision,ute,NSW,0,0
CLM-002628,1590.58,2405,52,0,17,1565.4,collision,ute,WA,9,0
CLM-002629,3262.0,966,20,1,11,720.34,collision,sedan,VIC,22,1
CLM-002630,9737.82,1574,83,1,6,1624.64,collision,sedan,WA,6,0
CLM-002631,4516.05,2212,33,0,5,1220.71,collision,suv,VIC,17,0
CLM-002632,1580.48,905,75,0,14,1351.02,collision,sedan,VIC,13,0
CLM-002633,9386.38,3519,25,0,14,1176.55,liability,suv,NSW,4,0
CLM-002634,1078.86,3091,33,1,11,1822.19,theft,sedan,QLD,21,0
CLM-002635,3637.32,3544,53,0,12,1432.17,collision,sedan,NSW,3,0
CLM-002636,4297.71,1809,53,1,18,1243.83,collision,ute,VIC,12,0
CLM-002637,1539.42,1253,58,1,16,1234.53,collision,sedan,NSW,15,0
CLM-002638,5030.1,3630,29,1,16,1301.11,collision,ute,VIC,16,0
CLM-002639,2027.55,2658,35,1,6,2140.99,windscreen,sedan,VIC,20,0
CLM-002640,5020.86,2895,35,0,1,915.36,collision,suv,NSW,16,0
CLM-002641,750.17,666,47,0,10,1707.35,windscreen,suv,NSW,15,1
CLM-002642,3832.34,3172,79,0,7,1537.47,windscreen,ute,SA,3,0
CLM-002643,2188.39,1927,48,1,7,1858.14,collision,ute,NSW,7,0
CLM-002644,7060.55,2822,84,1,11,1557.59,windscreen,suv,NSW,8,0
CLM-002645,2884.23,3011,34,0,20,1351.11,collision,suv,NSW,8,0
CLM-002646,7607.75,386,34,0,17,1686.61,liability,sedan,VIC,2,0
CLM-002647,4362.1,361,24,0,14,1425.82,windscreen,suv,QLD,2,0
CLM-002648,2709.09,237,32,1,15,1599.14,windscreen,sedan,NSW,10,0
CLM-002649,5381.66,2346,38,1,9,1821.31,theft,suv,VIC,17,0
CLM-002650,5407.51,3340,43,0,12,1380.53,windscreen,sedan,QLD,21,0
CLM-002651,4246.85,109,65,0,9,1209.95,liability,hatchback,NSW,22,0
CLM-002652,534.2,504,47,1,17,1137.54,collision,suv,SA,11,0
CLM-002653,1426.64,1773,63,1,21,1498.68,windscreen,suv,SA,21,0
CLM-002654,8417.59,1427,23,0,9,1060.2,windscreen,suv,NSW,10,0
CLM-002655,1162.17,375,81,1,15,1234.56,collision,sedan,VIC,11,0
CLM-002656,5778.19,2226,27,1,1,1030.7,liability,sedan,NSW,5,0
CLM-002657,5063.63,3304,20,1,8,1517.75,collision,hatchback,NSW,15,0
CLM-002658,1729.67,773,46,1,19,1101.79,collision,ute,VIC,7,1
CLM-002659,667.52,10,61,1,15,925.38,collision,sedan,VIC,11,0
CLM-002660,1945.58,822,33,3,11,983.44,collision,ute,VIC,22,0
CLM-002661,14164.74,673,28,0,4,1161.54,windscreen,suv,NSW,13,0
CLM-002662,1560.16,1701,74,1,17,1191.5,collision,sedan,NSW,7,0
CLM-002663,1643.05,391,73,1,21,1432.98,collision,suv,SA,16,0
CLM-002664,1410.66,1317,68,0,8,1296.66,collision,sedan,SA,17,0
CLM-002665,7413.73,435,32,0,17,1472.2,collision,sedan,NSW,14,0
CLM-002666,2484.47,2469,53,1,12,1498.7,windscreen,ute,QLD,1,0
CLM-002667,1864.17,1712,64,0,8,1594.36,liability,sedan,VIC,5,0
CLM-002668,8605.06,274,46,1,7,720.42,collision,hatchback,QLD,3,0
CLM-002669,4603.72,159,29,1,11,978.02,collision,suv,VIC,22,0
CLM-002670,1495.97,1783,73,0,9,1533.11,collision,hatchback,WA,7,0
CLM-002671,1190.72,2160,80,0,13,1419.77,theft,suv,NSW,11,0
CLM-002672,7105.52,636,29,0,3,1672.39,collision,hatchback,VIC,21,0
CLM-002673,3018.73,1180,65,1,10,840.47,collision,suv,SA,23,0
CLM-002674,932.81,2214,77,0,16,1193.2,collision,suv,NSW,5,0
CLM-002675,782.63,1719,54,0,18,1252.19,theft,suv,NSW,20,0
CLM-002676,1290.74,424,21,1,6,1404.97,collision,hatchback,QLD,17,0
CLM-002677,1176.6,1428,64,0,13,1361.84,collision,sedan,QLD,14,0
CLM-002678,642.55,721,79,0,6,1504.8,windscreen,suv,QLD,4,0
CLM-002679,1306.84,3382,35,0,17,1312.16,windscreen,ute,QLD,16,0
CLM-002680,1496.21,2934,27,1,7,1802.87,collision,suv,QLD,14,0
CLM-002681,2106.93,1138,34,0,14,1908.1,windscreen,hatchback,NSW,10,0
CLM-002682,10611.38,858,72,1,9,981.09,windscreen,suv,QLD,14,0
CLM-002683,2440.28,491,55,1,5,1364.89,collision,sedan,QLD,5,0
CLM-002684,2628.89,2690,19,1,12,1613.34,theft,suv,WA,14,0
CLM-002685,4367.48,3351,57,0,13,1543.16,collision,suv,NSW,3,0
CLM-002686,2494.92,996,72,0,15,1215.41,windscreen,sedan,NSW,6,0
CLM-002687,4024.33,2335,30,0,17,1434.11,collision,sedan,QLD,11,0
CLM-002688,3679.24,857,57,1,14,827.46,theft,sedan,NSW,3,1
CLM-002689,3268.03,3347,33,0,18,1343.68,collision,ute,NSW,21,0
CLM-002690,23738.41,1091,19,1,9,868.1,collision,hatchback,WA,21,1
CLM-002691,5903.76,350,44,1,11,1517.63,liability,suv,VIC,11,0
CLM-002692,1324.39,3215,69,0,10,981.73,collision,sedan,NSW,13,0
CLM-002693,3935.0,3451,62,2,12,1403.8,windscreen,suv,NSW,6,0
CLM-002694,1646.15,1449,24,0,3,1455.33,liability,hatchback,NSW,5,0
CLM-002695,4165.9,3311,30,0,18,1375.04,windscreen,ute,QLD,23,0
CLM-002696,1062.74,889,54,1,11,1141.46,collision,sedan,VIC,9,0
CLM-002697,1298.76,988,39,0,12,1280.58,windscreen,sedan,NSW,22,0
CLM-002698,3858.1,1958,40,0,19,1739.75,collision,hatchback,VIC,1,0
CLM-002699,6299.67,2191,47,1,10,1209.88,collision,hatchback,NSW,2,0
CLM-002700,4345.88,1407,68,2,10,1357.07,windscreen,sedan,NSW,11,0
CLM-002701,5656.65,2918,56,1,12,1166.26,theft,hatchback,NSW,18,1
CLM-002702,3945.63,2884,75,0,20,1686.74,collision,sedan,VIC,10,0
CLM-002703,3392.67,441,24,0,5,1375.68,collision,sedan,NSW,20,0
CLM-002704,2043.11,3615,49,1,3,1097.89,windscreen,ute,VIC,3,0
CLM-002705,5484.88,581,54,0,2,1352.35,windscreen,suv,VIC,20,0
CLM-002706,6429.55,1921,68,0,16,1270.46,collision,suv,VIC,10,0
CLM-002707,2843.14,1544,52,0,0,1809.55,liability,hatchback,NSW,6,0
CLM-002708,2730.68,1648,79,0,15,1335.25,collision,hatchback,NSW,15,0
CLM-002709,9833.54,468,74,0,19,893.69,collision,sedan,NSW,18,0
CLM-002710,2935.65,1252,64,0,14,1514.55,theft,suv,VIC,22,0
CLM-002711,3155.07,110,44,0,3,1939.41,liability,ute,QLD,2,0
CLM-002712,4286.26,3552,39,1,14,1744.99,collision,suv,NSW,16,0
CLM-002713,2770.12,525,53,1,9,986.03,collision,hatchback,QLD,7,0
CLM-002714,1611.22,1763,49,0,0,1261.32,collision,ute,QLD,12,0
CLM-002715,3957.92,788,19,0,4,1339.87,windscreen,sedan,NSW,11,0
CLM-002716,2895.56,649,33,1,16,1343.88,collision,sedan,NSW,18,0
CLM-002717,11869.02,1424,73,0,12,1475.72,collision,hatchback,NSW,9,0
CLM-002718,5384.81,3537,48,2,10,1236.45,liability,hatchback,NSW,6,0
CLM-002719,1907.19,1745,81,1,17,1047.84,collision,sedan,VIC,11,0
CLM-002720,5150.22,3507,34,0,11,1664.09,collision,sedan,NSW,16,0
CLM-002721,3755.21,3018,82,0,21,979.22,collision,ute,WA,20,0
CLM-002722,7959.09,1590,72,1,1,1085.3,windscreen,sedan,VIC,0,0
CLM-002723,2011.55,3289,42,1,6,977.17,collision,sedan,QLD,13,0
CLM-002724,3434.09,1270,58,1,4,1552.03,collision,hatchback,QLD,1,0
CLM-002725,2767.44,1830,84,2,9,1385.14,collision,hatchback,VIC,14,0
CLM-002726,3114.61,2483,60,1,20,1641.56,windscreen,hatchback,SA,14,0
CLM-002727,1534.72,2151,80,1,9,1090.89,windscreen,suv,SA,20,0
CLM-002728,4591.37,3025,25,0,6,936.51,collision,suv,VIC,4,0
CLM-002729,4078.45,594,28,0,1,1203.51,collision,hatchback,NSW,19,0
CLM-002730,7815.92,1819,18,0,8,1289.78,liability,sedan,VIC,16,0
CLM-002731,2958.63,2426,39,1,5,1419.0,collision,sedan,NSW,15,0
CLM-002732,2188.83,1207,70,0,4,794.81,collision,hatchback,VIC,15,0
CLM-002733,5388.22,3164,82,2,2,1507.98,collision,ute,VIC,13,0
CLM-002734,1643.11,1100,54,1,13,1054.9,collision,hatchback,VIC,1,0
CLM-002735,6726.02,1099,46,0,15,1136.35,collision,sedan,QLD,19,0
CLM-002736,6715.22,1192,80,2,16,1737.32,collision,hatchback,NSW,9,0
CLM-002737,7653.81,2469,57,0,1,629.55,collision,suv,VIC,2,0
CLM-002738,3953.94,430,53,0,20,1456.43,collision,ute,VIC,14,0
CLM-002739,2069.64,521,23,0,11,1455.18,windscreen,hatchback,QLD,22,0
CLM-002740,3235.34,2841,32,1,12,1079.8,collision,suv,QLD,17,0
CLM-002741,3964.17,756,64,0,19,1202.49,collision,ute,NSW,5,0
CLM-002742,1958.42,383,64,0,6,1752.95,windscreen,suv,QLD,19,0
CLM-002743,8101.76,962,51,1,11,1997.76,collision,ute,NSW,20,0
CLM-002744,4605.76,1453,64,1,1,1701.36,windscreen,hatchback,QLD,7,0
CLM-002745,1526.65,120,64,0,10,1972.34,collision,ute,VIC,12,0
CLM-002746,12236.21,3047,22,0,5,1121.86,windscreen,sedan,VIC,20,0
CLM-002747,3206.84,428,73,0,4,828.57,collision,sedan,QLD,3,0
CLM-002748,1312.15,1474,64,2,13,1332.63,collision,hatchback,WA,8,0
CLM-002749,1599.28,737,32,0,2,1615.6,collision,hatchback,QLD,10,0
CLM-002750,9098.25,1075,32,0,21,737.93,collision,hatchback,VIC,0,0
CLM-002751,11716.33,165,82,3,5,1044.27,collision,sedan,QLD,4,0
CLM-002752,6355.74,3461,35,0,1,1080.92,windscreen,suv,VIC,14,0
CLM-002753,8018.3,3421,20,1,9,1467.67,windscreen,ute,QLD,6,0
CLM-002754,7423.91,461,20,2,8,1425.11,collision,ute,WA,5,0
CLM-002755,4526.42,720,33,1,14,1094.2,liability,sedan,NSW,7,0
CLM-002756,3815.33,3229,60,1,14,1409.34,windscreen,suv,NSW,2,0
CLM-002757,4468.9,1514,48,1,13,972.21,windscreen,sedan,NSW,15,0
CLM-002758,5177.16,226,67,2,12,1209.28,theft,suv,NSW,6,0
CLM-002759,1709.24,495,33,0,17,932.62,theft,sedan,VIC,15,0
CLM-002760,5161.43,1509,33,0,14,1300.42,collision,sedan,NSW,19,0
CLM-002761,8901.39,2036,45,1,3,1085.84,theft,sedan,VIC,11,0
CLM-002762,2553.5,2305,71,0,10,1577.82,liability,hatchback,NSW,21,0
CLM-002763,2356.81,559,51,3,15,1341.36,collision,ute,NSW,4,0
CLM-002764,4261.64,1350,69,2,5,1275.17,collision,hatchback,QLD,23,1
CLM-002765,1831.26,952,24,1,19,1933.48,collision,suv,VIC,7,0
CLM-002766,1110.3,1951,45,2,10,1476.49,liability,suv,VIC,7,0
CLM-002767,7050.05,1173,47,0,7,1228.51,collision,suv,QLD,23,0
CLM-002768,2125.55,744,22,0,8,1157.37,theft,suv,SA,10,0
CLM-002769,3022.49,2975,39,0,13,960.21,windscreen,suv,VIC,17,0
CLM-002770,1886.36,2076,36,2,15,1328.26,liability,ute,NSW,19,0
CLM-002771,7766.43,1729,48,0,5,1451.51,collision,hatchback,NSW,10,0
CLM-002772,5652.66,491,29,1,3,718.26,windscreen,hatchback,SA,7,0
CLM-002773,2488.52,258,36,0,2,899.89,liability,sedan,QLD,11,0
CLM-002774,1230.38,2905,82,0,10,1179.69,collision,suv,QLD,9,0
CLM-002775,2298.02,3535,27,1,20,987.6,windscreen,sedan,QLD,9,0
CLM-002776,4571.58,2130,72,1,21,1364.27,collision,sedan,NSW,5,0
CLM-002777,3433.99,142,54,0,12,1410.11,theft,ute,VIC,21,0
CLM-002778,3235.13,1759,23,2,11,1309.64,collision,suv,QLD,13,0
CLM-002779,3493.9,1022,44,3,11,1531.56,collision,ute,WA,19,0
CLM-002780,5266.37,199,52,0,5,1156.98,collision,sedan,NSW,15,0
CLM-002781,2888.83,519,36,0,9,1334.85,collision,hatchback,VIC,8,0
CLM-002782,4177.67,1824,35,2,20,1018.91,collision,hatchback,NSW,7,0
CLM-002783,1421.99,1558,65,0,13,1443.92,theft,suv,SA,23,0
CLM-002784,20239.43,2057,20,0,5,1375.05,collision,hatchback,NSW,0,0
CLM-002785,2409.33,2530,80,1,1,954.48,collision,sedan,QLD,7,0
CLM-002786,3472.72,969,39,0,16,1298.83,theft,ute,NSW,17,0
CLM-002787,4558.96,1045,43,1,19,1337.52,theft,hatchback,QLD,13,0
CLM-002788,2190.55,2473,26,2,2,1442.73,collision,hatchback,QLD,14,0
CLM-002789,2998.5,719,77,1,8,1454.98,liability,hatchback,NSW,0,0
CLM-002790,2971.3,280,32,1,18,1112.01,collision,suv,WA,5,0
CLM-002791,1501.88,3115,71,0,5,1602.0,windscreen,hatchback,WA,14,0
CLM-002792,4142.03,761,39,0,3,1522.61,collision,ute,WA,7,0
CLM-002793,865.31,441,20,1,8,1110.89,windscreen,sedan,VIC,11,0
CLM-002794,11098.12,2692,45,1,8,972.91,liability,sedan,QLD,22,0
CLM-002795,5403.1,1941,53,1,10,1136.11,windscreen,ute,VIC,15,0
CLM-002796,4814.28,537,49,0,21,864.36,collision,suv,VIC,15,0
CLM-002797,810.39,3104,84,0,21,1418.64,theft,suv,VIC,4,1
CLM-002798,1645.18,896,52,1,12,1740.57,collision,hatchback,QLD,14,0
CLM-002799,8450.74,2467,70,0,1,1819.11,theft,suv,NSW,23,0
CLM-002800,67065.9,2375,42,0,5,990.52,windscreen,suv,VIC,15,1
CLM-002801,7302.85,3028,27,1,3,1609.65,liability,suv,NSW,18,0
CLM-002802,6487.99,2660,51,0,0,1377.89,collision,suv,NSW,22,0
CLM-002803,4419.27,2566,55,1,8,559.34,collision,ute,NSW,21,0
CLM-002804,1578.73,187,45,0,0,1240.31,theft,suv,NSW,8,0
CLM-002805,6287.89,3424,69,0,12,1203.58,collision,suv,QLD,7,0
CLM-002806,1305.18,462,82,1,6,1749.57,collision,ute,VIC,6,0
CLM-002807,1202.38,925,23,1,15,1062.59,collision,ute,NSW,18,0
CLM-002808,1146.94,1628,22,1,11,1535.81,windscreen,hatchback,QLD,9,0
CLM-002809,6196.82,1052,36,0,20,1314.66,collision,sedan,WA,19,0
CLM-002810,2855.32,2163,57,0,10,872.88,collision,ute,WA,19,0
CLM-002811,3215.2,193,20,0,3,1167.78,collision,suv,WA,15,0
CLM-002812,2946.72,1656,30,0,20,1855.44,windscreen,sedan,SA,2,0
CLM-002813,1281.41,1275,45,2,6,1292.79,theft,ute,VIC,17,0
CLM-002814,1802.54,2361,43,0,16,1648.94,collision,ute,SA,4,0
CLM-002815,1871.85,1897,74,1,17,1630.85,collision,suv,SA,13,0
CLM-002816,1039.03,2759,54,1,20,1202.07,collision,ute,NSW,5,0
CLM-002817,2042.32,600,76,0,14,926.47,collision,sedan,WA,1,0
CLM-002818,1324.8,3465,68,0,11,969.9,theft,sedan,QLD,15,0
CLM-002819,4597.45,1431,45,1,8,1829.05,collision,suv,QLD,10,0
CLM-002820,4893.82,1277,83,2,9,1400.07,liability,suv,WA,15,0
CLM-002821,1129.77,2001,74,0,17,777.84,collision,ute,VIC,11,0
CLM-002822,2386.36,595,51,0,12,1625.21,theft,hatchback,VIC,8,0
CLM-002823,11992.6,2973,74,1,1,760.34,collision,ute,QLD,0,0
CLM-002824,1428.57,963,35,0,8,1077.38,liability,sedan,QLD,6,0
CLM-002825,4105.07,3385,31,0,20,1376.83,liability,suv,WA,21,0
CLM-002826,3226.46,540,71,2,4,2181.74,windscreen,sedan,WA,18,0
CLM-002827,6766.0,3154,70,3,10,1619.28,collision,ute,QLD,11,0
CLM-002828,3720.45,1438,32,0,18,1190.81,collision,sedan,SA,0,0
CLM-002829,2157.12,2216,68,1,6,1359.34,windscreen,suv,NSW,23,0
CLM-002830,3134.02,3184,52,0,14,1653.5,windscreen,ute,SA,17,0
CLM-002831,3168.54,471,55,1,17,1819.21,collision,ute,NSW,0,0
CLM-002832,2782.84,1266,74,0,7,1268.28,collision,sedan,VIC,5,0
CLM-002833,1108.39,3461,28,0,19,1277.86,collision,suv,NSW,4,0
CLM-002834,7572.79,543,45,0,9,1076.08,windscreen,suv,VIC,21,0
CLM-002835,6633.08,375,37,0,6,1569.5,theft,suv,VIC,22,0
CLM-002836,1362.2,1907,55,0,4,1688.57,theft,sedan,NSW,9,0
CLM-002837,2379.05,90,28,0,5,710.23,theft,hatchback,QLD,4,0
CLM-002838,2517.91,3620,26,1,12,1219.05,collision,suv,QLD,15,0
CLM-002839,1252.14,3298,64,0,4,949.56,collision,suv,NSW,6,0
CLM-002840,735.02,686,21,1,7,1399.8,collision,sedan,QLD,2,0
CLM-002841,1802.73,630,45,0,15,941.48,windscreen,suv,NSW,6,0
CLM-002842,2281.75,2839,84,0,19,914.35,collision,suv,NSW,6,0
CLM-002843,1011.38,1900,84,1,14,1720.76,collision,sedan,NSW,1,0
CLM-002844,3404.09,3005,29,0,11,1295.35,collision,suv,VIC,16,0
CLM-002845,7130.54,3531,80,1,15,1330.23,collision,suv,QLD,8,0
CLM-002846,5605.97,1464,40,2,9,1492.46,theft,hatchback,VIC,13,0
CLM-002847,2710.76,926,31,0,5,1670.37,collision,hatchback,WA,13,0
CLM-002848,749.71,2261,51,0,16,1211.86,collision,sedan,VIC,18,0
CLM-002849,5098.88,2317,50,0,2,1219.22,windscreen,sedan,QLD,18,0
CLM-002850,3326.89,1578,43,0,19,1220.62,collision,ute,SA,13,0
CLM-002851,4098.04,1091,46,0,9,1706.9,collision,hatchback,VIC,20,0
CLM-002852,12734.59,957,24,0,17,1327.52,collision,hatchback,NSW,13,0
CLM-002853,1605.82,1903,35,1,2,1253.94,windscreen,sedan,NSW,0,0
CLM-002854,345.12,1555,31,0,10,1479.0,collision,sedan,VIC,20,0
CLM-002855,1352.77,1669,80,0,9,1954.31,windscreen,sedan,VIC,18,0
CLM-002856,4292.11,347,51,0,7,1374.51,liability,hatchback,NSW,10,0
CLM-002857,3041.77,3214,54,0,11,1261.08,theft,suv,WA,9,0
CLM-002858,1197.84,2580,47,0,14,1991.19,collision,suv,SA,21,0
CLM-002859,1027.84,3354,77,0,20,1788.83,windscreen,suv,NSW,10,0
CLM-002860,2284.82,3026,71,0,17,1740.99,collision,sedan,NSW,8,0
CLM-002861,1170.78,2258,64,1,5,1184.77,collision,suv,NSW,17,0
CLM-002862,4404.91,1122,38,0,21,1152.06,collision,sedan,VIC,7,0
CLM-002863,2189.5,2386,38,0,10,744.73,collision,suv,WA,9,0
CLM-002864,1862.48,2067,81,0,10,1668.42,collision,ute,VIC,18,0
CLM-002865,1687.99,3371,80,0,0,1375.41,collision,ute,NSW,5,0
CLM-002866,3631.29,847,36,1,14,755.71,collision,suv,VIC,0,0
CLM-002867,3077.76,93,40,0,19,1746.61,collision,hatchback,NSW,8,0
CLM-002868,3468.47,465,40,1,6,1238.67,collision,ute,VIC,4,0
CLM-002869,3412.15,639,70,0,19,1279.35,liability,sedan,VIC,8,0
CLM-002870,2823.84,2422,81,1,1,850.72,collision,sedan,QLD,1,0
CLM-002871,1373.55,535,77,1,21,1512.43,theft,suv,VIC,14,0
CLM-002872,1723.68,489,74,1,5,1515.58,collision,sedan,WA,12,0
CLM-002873,2217.19,1449,41,3,10,1334.16,collision,sedan,NSW,6,0
CLM-002874,14029.2,2854,39,1,0,1211.98,collision,sedan,QLD,15,0
CLM-002875,1083.96,1549,77,0,19,2216.73,collision,sedan,NSW,3,0
CLM-002876,2177.14,991,44,0,11,952.89,collision,suv,NSW,0,0
CLM-002877,3208.95,1038,32,0,21,1111.93,collision,suv,WA,11,0
CLM-002878,2374.4,2987,74,0,8,1583.72,collision,sedan,QLD,3,0
CLM-002879,6670.68,1581,50,1,1,1015.23,collision,ute,NSW,20,0
CLM-002880,2365.22,1345,23,1,14,990.89,collision,sedan,VIC,7,0
CLM-002881,2500.12,2823,78,2,3,1723.4,collision,sedan,QLD,10,0
CLM-002882,5491.58,1346,37,1,13,1549.71,collision,sedan,SA,7,0
CLM-002883,11591.57,1302,38,0,0,1509.77,collision,ute,QLD,10,0
CLM-002884,8566.58,2739,53,2,3,1410.0,collision,hatchback,NSW,2,0
CLM-002885,2690.57,1195,36,2,14,1121.59,collision,suv,VIC,22,0
CLM-002886,2872.29,1862,73,2,14,1266.62,collision,sedan,NSW,4,0
CLM-002887,3087.26,2425,64,0,3,1323.91,collision,sedan,NSW,9,0
CLM-002888,3328.41,733,55,0,4,1629.25,liability,sedan,VIC,20,0
CLM-002889,1578.91,468,31,0,18,1490.53,collision,hatchback,QLD,10,0
CLM-002890,6017.61,3103,50,2,0,1043.81,collision,sedan,NSW,16,0
CLM-002891,3480.59,1084,36,0,5,1610.55,collision,hatchback,QLD,1,0
CLM-002892,2882.34,1241,82,0,21,796.09,liability,suv,QLD,7,0
CLM-002893,1148.99,2152,71,1,12,1244.26,theft,suv,QLD,18,0
CLM-002894,3123.52,375,25,0,0,973.12,theft,hatchback,NSW,6,0
CLM-002895,720.6,166,53,0,19,1067.16,liability,sedan,VIC,9,0
CLM-002896,1927.08,1518,70,0,7,1985.77,collision,ute,NSW,1,0
CLM-002897,1954.08,3534,53,0,15,864.68,liability,sedan,NSW,12,0
CLM-002898,3696.89,2094,26,2,14,1079.67,collision,hatchback,NSW,8,0
CLM-002899,12208.5,2111,27,0,8,1518.43,theft,suv,NSW,20,0
CLM-002900,4577.6,2226,67,0,8,1194.9,collision,sedan,NSW,9,0
CLM-002901,8833.46,3142,53,0,12,1401.33,collision,hatchback,NSW,19,0
CLM-002902,4836.32,3049,54,0,8,1821.75,liability,sedan,WA,21,0
CLM-002903,6931.21,88,36,0,3,1566.03,collision,sedan,QLD,20,0
CLM-002904,12002.2,1976,35,0,15,1195.33,liability,ute,VIC,17,0
CLM-002905,1721.79,1995,45,1,14,1305.87,collision,suv,SA,14,0
CLM-002906,1639.54,816,54,1,13,1525.1,theft,hatchback,NSW,11,0
CLM-002907,4922.68,3558,49,0,16,1559.55,liability,suv,VIC,1,0
CLM-002908,2972.75,955,76,0,11,1356.85,collision,suv,WA,3,0
CLM-002909,3516.65,3043,30,0,20,1469.0,liability,sedan,VIC,9,0
CLM-002910,2473.77,368,49,0,19,1469.32,collision,sedan,NSW,15,0
CLM-002911,1906.08,2196,33,2,21,1319.57,windscreen,hatchback,VIC,0,0
CLM-002912,10052.47,2686,18,0,2,1150.27,collision,sedan,VIC,22,0
CLM-002913,1306.5,1840,45,0,2,1595.06,collision,suv,QLD,23,0
CLM-002914,4988.02,386,21,1,10,1446.29,theft,sedan,VIC,1,0
CLM-002915,4416.8,452,42,0,15,663.28,collision,sedan,VIC,2,0
CLM-002916,912.09,2211,60,2,5,1077.47,collision,suv,NSW,20,0
CLM-002917,1598.65,3148,43,0,2,1191.38,collision,ute,VIC,4,0
CLM-002918,1813.44,2178,63,0,0,1283.63,windscreen,ute,NSW,4,0
CLM-002919,4552.53,368,37,0,12,1747.3,collision,hatchback,WA,4,0
CLM-002920,2263.63,2867,44,1,21,2406.77,windscreen,sedan,QLD,16,0
CLM-002921,2795.62,1676,76,0,10,538.59,liability,suv,VIC,3,0
CLM-002922,999.01,272,34,1,16,1450.45,collision,sedan,QLD,4,0
CLM-002923,17059.01,1342,51,1,1,1372.96,collision,ute,NSW,9,0
CLM-002924,3144.46,740,65,0,4,1290.44,theft,sedan,VIC,14,0
CLM-002925,4334.02,3600,42,0,14,1529.17,collision,suv,VIC,23,0
CLM-002926,1987.3,3319,38,1,8,1399.43,theft,sedan,VIC,5,0
CLM-002927,1827.18,387,64,0,0,1230.73,theft,hatchback,QLD,6,0
CLM-002928,12512.88,2088,22,2,4,1359.65,theft,hatchback,SA,13,1
CLM-002929,708.01,25,35,1,17,1533.67,collision,hatchback,VIC,10,0
CLM-002930,3673.81,1670,45,1,15,1502.29,theft,sedan,VIC,14,0
CLM-002931,1201.56,569,32,0,17,1412.25,theft,hatchback,QLD,5,0
CLM-002932,2200.08,2729,54,0,7,1157.46,collision,sedan,NSW,14,0
CLM-002933,1847.21,263,59,0,20,2280.32,collision,sedan,NSW,22,0
CLM-002934,1422.99,3294,82,0,20,1468.64,liability,sedan,SA,16,0
CLM-002935,3061.26,843,58,0,8,1601.61,theft,sedan,WA,17,0
CLM-002936,434.41,959,57,0,4,1182.43,collision,suv,SA,1,0
CLM-002937,2352.85,3233,66,1,21,1412.56,collision,sedan,NSW,21,0
CLM-002938,2785.78,3290,31,0,7,1409.93,collision,suv,NSW,16,0
CLM-002939,1075.5,350,49,1,10,719.06,collision,suv,VIC,15,0
CLM-002940,9273.48,396,73,0,20,1113.5,collision,hatchback,SA,3,1
CLM-002941,1908.66,3115,29,0,5,1107.4,liability,ute,NSW,13,0
CLM-002942,2494.61,3568,37,0,19,1151.85,collision,suv,NSW,16,0
CLM-002943,1911.87,1783,32,0,3,996.95,windscreen,sedan,NSW,14,0
CLM-002944,2804.06,601,82,1,6,1364.47,collision,hatchback,QLD,2,0
CLM-002945,7951.44,557,41,0,8,1811.13,collision,sedan,QLD,0,0
CLM-002946,19048.85,971,39,0,10,1393.06,collision,sedan,QLD,11,0
CLM-002947,5214.66,2501,72,0,5,960.18,collision,sedan,NSW,17,0
CLM-002948,6741.21,352,78,1,19,1009.8,windscreen,ute,QLD,9,0
CLM-002949,10800.21,2341,18,1,14,1225.57,liability,suv,VIC,16,0
CLM-002950,3592.68,2933,76,0,14,882.85,windscreen,suv,NSW,23,0
CLM-002951,9678.75,524,65,0,16,1450.47,collision,suv,NSW,21,1
CLM-002952,5400.79,3592,75,1,14,1796.52,windscreen,suv,VIC,15,0
CLM-002953,3320.9,3604,23,0,14,1159.95,collision,suv,NSW,17,0
CLM-002954,3876.76,1083,20,0,14,1375.12,liability,sedan,SA,2,0
CLM-002955,760.47,409,40,1,15,1208.44,collision,suv,VIC,2,0
CLM-002956,3711.12,1188,74,1,20,1142.22,collision,suv,VIC,16,0
CLM-002957,936.54,942,51,0,4,1412.56,collision,suv,QLD,19,0
CLM-002958,880.99,1018,66,0,11,1131.11,collision,sedan,QLD,4,0
CLM-002959,3444.93,3375,34,0,4,1083.23,collision,ute,NSW,14,0
CLM-002960,1292.64,565,40,0,3,815.63,liability,sedan,QLD,6,0
CLM-002961,2965.1,1157,76,1,20,1371.31,windscreen,sedan,NSW,2,1
CLM-002962,3307.1,2874,50,0,10,1702.11,liability,sedan,VIC,9,0
CLM-002963,3419.63,209,70,0,15,1583.41,collision,suv,QLD,10,0
CLM-002964,1513.09,221,60,0,16,1842.36,theft,sedan,VIC,18,0
CLM-002965,5848.92,1101,29,1,0,1127.41,collision,ute,VIC,20,0
CLM-002966,2787.98,3532,81,1,10,1630.77,collision,sedan,NSW,22,0
CLM-002967,4149.76,3063,81,0,3,986.13,collision,ute,VIC,2,0
CLM-002968,1215.21,3384,70,1,6,1584.06,collision,sedan,NSW,22,0
CLM-002969,2607.78,3153,49,1,4,1892.58,collision,suv,WA,12,0
CLM-002970,6788.4,432,46,0,14,1514.47,collision,ute,VIC,4,0
CLM-002971,6171.11,1463,37,1,2,1898.4,collision,suv,WA,15,0
CLM-002972,1639.31,1932,61,2,9,1152.42,theft,sedan,VIC,1,1
CLM-002973,1979.96,608,38,0,6,1305.7,collision,suv,WA,11,0
CLM-002974,1420.1,3623,30,1,21,1047.82,liability,hatchback,NSW,19,0
CLM-002975,1822.0,2201,22,1,17,1361.48,collision,hatchback,NSW,23,0
CLM-002976,1043.88,3112,46,0,7,1438.99,windscreen,sedan,NSW,6,0
CLM-002977,2687.5,944,72,0,6,1358.59,theft,ute,NSW,4,0
CLM-002978,4792.72,2610,71,1,15,1193.53,windscreen,suv,WA,13,0
CLM-002979,1654.43,386,74,1,13,1188.06,windscreen,sedan,QLD,3,0
CLM-002980,2785.12,81,58,0,12,1463.91,windscreen,ute,QLD,23,0
CLM-002981,2526.59,2338,76,0,1,1297.44,theft,suv,VIC,7,0
CLM-002982,6577.03,249,70,0,1,969.91,collision,suv,VIC,4,0
CLM-002983,1884.29,1008,72,0,13,723.9,collision,hatchback,QLD,5,0
CLM-002984,1936.4,2898,52,1,10,1153.49,theft,suv,WA,8,0
CLM-002985,1580.48,1816,23,0,18,893.85,collision,ute,VIC,17,0
CLM-002986,1270.12,1374,43,1,0,1074.26,collision,suv,QLD,20,0
CLM-002987,4433.25,1060,74,1,4,1210.31,collision,sedan,NSW,17,1
CLM-002988,2693.69,2439,67,0,17,1301.79,collision,suv,SA,15,0
CLM-002989,3106.05,3483,18,1,21,1130.22,collision,hatchback,NSW,6,0
CLM-002990,7754.13,2698,24,1,16,2073.1,theft,suv,VIC,22,0
CLM-002991,8095.48,1310,62,0,0,933.84,windscreen,sedan,WA,23,0
CLM-002992,867.25,1540,83,1,1,1749.04,windscreen,ute,NSW,15,0
CLM-002993,4845.84,376,67,0,19,1296.35,collision,hatchback,NSW,18,0
CLM-002994,3530.64,523,81,0,10,1133.02,collision,hatchback,VIC,7,0
CLM-002995,2108.66,978,22,0,10,1543.9,collision,suv,VIC,10,0
CLM-002996,3811.44,1411,76,0,21,1200.55,collision,suv,SA,19,0
CLM-002997,816.65,3614,26,1,5,1083.7,theft,suv,WA,10,0
CLM-002998,8928.3,3179,77,1,6,1940.64,collision,hatchback,VIC,18,0
CLM-002999,4386.15,412,83,0,15,625.83,liability,hatchback,SA,20,0
CLM-003000,1557.91,1208,52,0,19,1269.19,collision,hatchback,QLD,22,0
